seed,feature,size,C,n_genes,cohort,class,n,sensitivity
0,expression,10,1.0,10,tcga_heldout,BRCA,219,0.863013698630137
0,expression,10,1.0,10,tcga_heldout,CRC,125,0.904
0,expression,10,1.0,10,tcga_heldout,GBM,31,1.0
0,expression,10,1.0,10,tcga_heldout,HNSC,104,0.75
0,expression,10,1.0,10,tcga_heldout,KIRC,107,0.9719626168224299
0,expression,10,1.0,10,tcga_heldout,LUAD,103,0.5922330097087378
0,expression,10,1.0,10,tcga_heldout,LUSC,100,0.54
0,expression,10,1.0,10,tcga_heldout,OV,84,0.8571428571428571
0,expression,10,1.0,10,tcga_heldout,PAAD,36,0.7777777777777778
0,expression,10,1.0,10,tcga_heldout,PRAD,100,1.0
0,expression,10,1.0,10,tcga_heldout,SKCM,21,0.6190476190476191
0,expression,10,1.0,10,tcga_heldout,STAD,82,0.5
0,expression,10,1.0,10,tcga_heldout,UCEC,109,0.8623853211009175
0,expression,10,1.0,10,cptac,BRCA,132,0.7727272727272727
0,expression,10,1.0,10,cptac,CRC,106,0.8773584905660378
0,expression,10,1.0,10,cptac,GBM,193,0.9637305699481865
0,expression,10,1.0,10,cptac,HNSC,110,0.3090909090909091
0,expression,10,1.0,10,cptac,KIRC,223,0.9596412556053812
0,expression,10,1.0,10,cptac,LUAD,228,0.44298245614035087
0,expression,10,1.0,10,cptac,LUSC,109,0.9541284403669725
0,expression,10,1.0,10,cptac,OV,101,0.8811881188118812
0,expression,10,1.0,10,cptac,PAAD,161,0.12422360248447205
0,expression,10,1.0,10,cptac,SKCM,162,0.7901234567901234
0,expression,10,1.0,10,cptac,STAD,151,0.12582781456953643
0,expression,10,1.0,10,cptac,UCEC,240,0.9458333333333333
0,expression,10,1.0,10,met500,BRCA,92,0.6413043478260869
0,expression,10,1.0,10,met500,CRC,11,0.45454545454545453
0,expression,10,1.0,10,met500,GBM,5,0.6
0,expression,10,1.0,10,met500,HNSC,24,0.6666666666666666
0,expression,10,1.0,10,met500,OV,13,0.6923076923076923
0,expression,10,1.0,10,met500,PAAD,14,0.5
0,expression,10,1.0,10,met500,PRAD,91,0.6813186813186813
0,expression,10,1.0,10,met500,SKCM,13,0.6923076923076923
0,expression,10,1.0,10,met500,STAD,8,0.0
0,expression,100,0.1,100,tcga_heldout,BRCA,219,0.9817351598173516
0,expression,100,0.1,100,tcga_heldout,CRC,125,0.976
0,expression,100,0.1,100,tcga_heldout,GBM,31,1.0
0,expression,100,0.1,100,tcga_heldout,HNSC,104,0.9423076923076923
0,expression,100,0.1,100,tcga_heldout,KIRC,107,0.9719626168224299
0,expression,100,0.1,100,tcga_heldout,LUAD,103,0.9611650485436893
0,expression,100,0.1,100,tcga_heldout,LUSC,100,0.88
0,expression,100,0.1,100,tcga_heldout,OV,84,0.9285714285714286
0,expression,100,0.1,100,tcga_heldout,PAAD,36,1.0
0,expression,100,0.1,100,tcga_heldout,PRAD,100,1.0
0,expression,100,0.1,100,tcga_heldout,SKCM,21,0.9523809523809523
0,expression,100,0.1,100,tcga_heldout,STAD,82,0.9512195121951219
0,expression,100,0.1,100,tcga_heldout,UCEC,109,0.9357798165137615
0,expression,100,0.1,100,cptac,BRCA,132,0.9848484848484849
0,expression,100,0.1,100,cptac,CRC,106,1.0
0,expression,100,0.1,100,cptac,GBM,193,1.0
0,expression,100,0.1,100,cptac,HNSC,110,0.8181818181818182
0,expression,100,0.1,100,cptac,KIRC,223,0.9955156950672646
0,expression,100,0.1,100,cptac,LUAD,228,0.9166666666666666
0,expression,100,0.1,100,cptac,LUSC,109,0.926605504587156
0,expression,100,0.1,100,cptac,OV,101,0.9108910891089109
0,expression,100,0.1,100,cptac,PAAD,161,0.9813664596273292
0,expression,100,0.1,100,cptac,SKCM,162,0.9444444444444444
0,expression,100,0.1,100,cptac,STAD,151,0.3576158940397351
0,expression,100,0.1,100,cptac,UCEC,240,0.9833333333333333
0,expression,100,0.1,100,met500,BRCA,92,0.9239130434782609
0,expression,100,0.1,100,met500,CRC,11,0.7272727272727273
0,expression,100,0.1,100,met500,GBM,5,1.0
0,expression,100,0.1,100,met500,HNSC,24,0.5833333333333334
0,expression,100,0.1,100,met500,OV,13,0.5384615384615384
0,expression,100,0.1,100,met500,PAAD,14,0.7142857142857143
0,expression,100,0.1,100,met500,PRAD,91,0.8681318681318682
0,expression,100,0.1,100,met500,SKCM,13,0.6153846153846154
0,expression,100,0.1,100,met500,STAD,8,0.25
0,expression,150,0.1,150,tcga_heldout,BRCA,219,0.9771689497716894
0,expression,150,0.1,150,tcga_heldout,CRC,125,0.976
0,expression,150,0.1,150,tcga_heldout,GBM,31,1.0
0,expression,150,0.1,150,tcga_heldout,HNSC,104,0.9711538461538461
0,expression,150,0.1,150,tcga_heldout,KIRC,107,0.9719626168224299
0,expression,150,0.1,150,tcga_heldout,LUAD,103,0.9611650485436893
0,expression,150,0.1,150,tcga_heldout,LUSC,100,0.92
0,expression,150,0.1,150,tcga_heldout,OV,84,0.9404761904761905
0,expression,150,0.1,150,tcga_heldout,PAAD,36,1.0
0,expression,150,0.1,150,tcga_heldout,PRAD,100,1.0
0,expression,150,0.1,150,tcga_heldout,SKCM,21,0.9523809523809523
0,expression,150,0.1,150,tcga_heldout,STAD,82,0.9878048780487805
0,expression,150,0.1,150,tcga_heldout,UCEC,109,0.981651376146789
0,expression,150,0.1,150,cptac,BRCA,132,0.9848484848484849
0,expression,150,0.1,150,cptac,CRC,106,1.0
0,expression,150,0.1,150,cptac,GBM,193,1.0
0,expression,150,0.1,150,cptac,HNSC,110,0.8818181818181818
0,expression,150,0.1,150,cptac,KIRC,223,0.9955156950672646
0,expression,150,0.1,150,cptac,LUAD,228,0.9780701754385965
0,expression,150,0.1,150,cptac,LUSC,109,0.908256880733945
0,expression,150,0.1,150,cptac,OV,101,0.6039603960396039
0,expression,150,0.1,150,cptac,PAAD,161,0.9813664596273292
0,expression,150,0.1,150,cptac,SKCM,162,0.9506172839506173
0,expression,150,0.1,150,cptac,STAD,151,0.25165562913907286
0,expression,150,0.1,150,cptac,UCEC,240,0.9958333333333333
0,expression,150,0.1,150,met500,BRCA,92,0.9239130434782609
0,expression,150,0.1,150,met500,CRC,11,0.7272727272727273
0,expression,150,0.1,150,met500,GBM,5,1.0
0,expression,150,0.1,150,met500,HNSC,24,0.5833333333333334
0,expression,150,0.1,150,met500,OV,13,0.3076923076923077
0,expression,150,0.1,150,met500,PAAD,14,0.7142857142857143
0,expression,150,0.1,150,met500,PRAD,91,0.7912087912087912
0,expression,150,0.1,150,met500,SKCM,13,0.7692307692307693
0,expression,150,0.1,150,met500,STAD,8,0.125
0,expression,20,1.0,20,tcga_heldout,BRCA,219,0.9680365296803652
0,expression,20,1.0,20,tcga_heldout,CRC,125,0.952
0,expression,20,1.0,20,tcga_heldout,GBM,31,1.0
0,expression,20,1.0,20,tcga_heldout,HNSC,104,0.9326923076923077
0,expression,20,1.0,20,tcga_heldout,KIRC,107,0.9813084112149533
0,expression,20,1.0,20,tcga_heldout,LUAD,103,0.8446601941747572
0,expression,20,1.0,20,tcga_heldout,LUSC,100,0.77
0,expression,20,1.0,20,tcga_heldout,OV,84,0.8928571428571429
0,expression,20,1.0,20,tcga_heldout,PAAD,36,0.7777777777777778
0,expression,20,1.0,20,tcga_heldout,PRAD,100,1.0
0,expression,20,1.0,20,tcga_heldout,SKCM,21,0.7619047619047619
0,expression,20,1.0,20,tcga_heldout,STAD,82,0.6707317073170732
0,expression,20,1.0,20,tcga_heldout,UCEC,109,0.8990825688073395
0,expression,20,1.0,20,cptac,BRCA,132,0.9318181818181818
0,expression,20,1.0,20,cptac,CRC,106,0.9716981132075472
0,expression,20,1.0,20,cptac,GBM,193,0.9948186528497409
0,expression,20,1.0,20,cptac,HNSC,110,0.8
0,expression,20,1.0,20,cptac,KIRC,223,0.9955156950672646
0,expression,20,1.0,20,cptac,LUAD,228,0.6535087719298246
0,expression,20,1.0,20,cptac,LUSC,109,0.8990825688073395
0,expression,20,1.0,20,cptac,OV,101,0.8316831683168316
0,expression,20,1.0,20,cptac,PAAD,161,0.37888198757763975
0,expression,20,1.0,20,cptac,SKCM,162,0.8888888888888888
0,expression,20,1.0,20,cptac,STAD,151,0.7483443708609272
0,expression,20,1.0,20,cptac,UCEC,240,0.9125
0,expression,20,1.0,20,met500,BRCA,92,0.8043478260869565
0,expression,20,1.0,20,met500,CRC,11,0.2727272727272727
0,expression,20,1.0,20,met500,GBM,5,1.0
0,expression,20,1.0,20,met500,HNSC,24,0.6666666666666666
0,expression,20,1.0,20,met500,OV,13,0.6923076923076923
0,expression,20,1.0,20,met500,PAAD,14,0.35714285714285715
0,expression,20,1.0,20,met500,PRAD,91,0.7692307692307693
0,expression,20,1.0,20,met500,SKCM,13,0.5384615384615384
0,expression,20,1.0,20,met500,STAD,8,0.25
0,expression,250,0.1,250,tcga_heldout,BRCA,219,0.9817351598173516
0,expression,250,0.1,250,tcga_heldout,CRC,125,0.984
0,expression,250,0.1,250,tcga_heldout,GBM,31,1.0
0,expression,250,0.1,250,tcga_heldout,HNSC,104,0.9711538461538461
0,expression,250,0.1,250,tcga_heldout,KIRC,107,0.9813084112149533
0,expression,250,0.1,250,tcga_heldout,LUAD,103,0.9805825242718447
0,expression,250,0.1,250,tcga_heldout,LUSC,100,0.93
0,expression,250,0.1,250,tcga_heldout,OV,84,0.9404761904761905
0,expression,250,0.1,250,tcga_heldout,PAAD,36,1.0
0,expression,250,0.1,250,tcga_heldout,PRAD,100,1.0
0,expression,250,0.1,250,tcga_heldout,SKCM,21,0.9523809523809523
0,expression,250,0.1,250,tcga_heldout,STAD,82,1.0
0,expression,250,0.1,250,tcga_heldout,UCEC,109,0.9724770642201835
0,expression,250,0.1,250,cptac,BRCA,132,0.9848484848484849
0,expression,250,0.1,250,cptac,CRC,106,1.0
0,expression,250,0.1,250,cptac,GBM,193,1.0
0,expression,250,0.1,250,cptac,HNSC,110,0.9181818181818182
0,expression,250,0.1,250,cptac,KIRC,223,0.9955156950672646
0,expression,250,0.1,250,cptac,LUAD,228,0.9824561403508771
0,expression,250,0.1,250,cptac,LUSC,109,0.8440366972477065
0,expression,250,0.1,250,cptac,OV,101,0.7524752475247525
0,expression,250,0.1,250,cptac,PAAD,161,0.9751552795031055
0,expression,250,0.1,250,cptac,SKCM,162,0.9444444444444444
0,expression,250,0.1,250,cptac,STAD,151,0.2913907284768212
0,expression,250,0.1,250,cptac,UCEC,240,0.9958333333333333
0,expression,250,0.1,250,met500,BRCA,92,0.9021739130434783
0,expression,250,0.1,250,met500,CRC,11,0.8181818181818182
0,expression,250,0.1,250,met500,GBM,5,1.0
0,expression,250,0.1,250,met500,HNSC,24,0.5
0,expression,250,0.1,250,met500,OV,13,0.46153846153846156
0,expression,250,0.1,250,met500,PAAD,14,0.5714285714285714
0,expression,250,0.1,250,met500,PRAD,91,0.8461538461538461
0,expression,250,0.1,250,met500,SKCM,13,0.7692307692307693
0,expression,250,0.1,250,met500,STAD,8,0.125
0,expression,50,1.0,50,tcga_heldout,BRCA,219,0.9817351598173516
0,expression,50,1.0,50,tcga_heldout,CRC,125,0.952
0,expression,50,1.0,50,tcga_heldout,GBM,31,1.0
0,expression,50,1.0,50,tcga_heldout,HNSC,104,0.9326923076923077
0,expression,50,1.0,50,tcga_heldout,KIRC,107,0.9906542056074766
0,expression,50,1.0,50,tcga_heldout,LUAD,103,0.9320388349514563
0,expression,50,1.0,50,tcga_heldout,LUSC,100,0.83
0,expression,50,1.0,50,tcga_heldout,OV,84,0.9166666666666666
0,expression,50,1.0,50,tcga_heldout,PAAD,36,0.9722222222222222
0,expression,50,1.0,50,tcga_heldout,PRAD,100,1.0
0,expression,50,1.0,50,tcga_heldout,SKCM,21,0.9523809523809523
0,expression,50,1.0,50,tcga_heldout,STAD,82,0.8536585365853658
0,expression,50,1.0,50,tcga_heldout,UCEC,109,0.926605504587156
0,expression,50,1.0,50,cptac,BRCA,132,0.9772727272727273
0,expression,50,1.0,50,cptac,CRC,106,0.9811320754716981
0,expression,50,1.0,50,cptac,GBM,193,1.0
0,expression,50,1.0,50,cptac,HNSC,110,0.8363636363636363
0,expression,50,1.0,50,cptac,KIRC,223,0.9955156950672646
0,expression,50,1.0,50,cptac,LUAD,228,0.9122807017543859
0,expression,50,1.0,50,cptac,LUSC,109,0.926605504587156
0,expression,50,1.0,50,cptac,OV,101,0.8514851485148515
0,expression,50,1.0,50,cptac,PAAD,161,0.937888198757764
0,expression,50,1.0,50,cptac,SKCM,162,0.9320987654320988
0,expression,50,1.0,50,cptac,STAD,151,0.4304635761589404
0,expression,50,1.0,50,cptac,UCEC,240,0.9625
0,expression,50,1.0,50,met500,BRCA,92,0.8369565217391305
0,expression,50,1.0,50,met500,CRC,11,0.45454545454545453
0,expression,50,1.0,50,met500,GBM,5,1.0
0,expression,50,1.0,50,met500,HNSC,24,0.5416666666666666
0,expression,50,1.0,50,met500,OV,13,0.6153846153846154
0,expression,50,1.0,50,met500,PAAD,14,0.5714285714285714
0,expression,50,1.0,50,met500,PRAD,91,0.7692307692307693
0,expression,50,1.0,50,met500,SKCM,13,0.6153846153846154
0,expression,50,1.0,50,met500,STAD,8,0.375
0,expression,500,1.0,500,tcga_heldout,BRCA,219,0.9771689497716894
0,expression,500,1.0,500,tcga_heldout,CRC,125,0.992
0,expression,500,1.0,500,tcga_heldout,GBM,31,1.0
0,expression,500,1.0,500,tcga_heldout,HNSC,104,1.0
0,expression,500,1.0,500,tcga_heldout,KIRC,107,0.9906542056074766
0,expression,500,1.0,500,tcga_heldout,LUAD,103,0.970873786407767
0,expression,500,1.0,500,tcga_heldout,LUSC,100,0.95
0,expression,500,1.0,500,tcga_heldout,OV,84,0.9642857142857143
0,expression,500,1.0,500,tcga_heldout,PAAD,36,1.0
0,expression,500,1.0,500,tcga_heldout,PRAD,100,1.0
0,expression,500,1.0,500,tcga_heldout,SKCM,21,0.9523809523809523
0,expression,500,1.0,500,tcga_heldout,STAD,82,1.0
0,expression,500,1.0,500,tcga_heldout,UCEC,109,0.9908256880733946
0,expression,500,1.0,500,cptac,BRCA,132,0.9848484848484849
0,expression,500,1.0,500,cptac,CRC,106,1.0
0,expression,500,1.0,500,cptac,GBM,193,1.0
0,expression,500,1.0,500,cptac,HNSC,110,0.9727272727272728
0,expression,500,1.0,500,cptac,KIRC,223,0.9955156950672646
0,expression,500,1.0,500,cptac,LUAD,228,0.9912280701754386
0,expression,500,1.0,500,cptac,LUSC,109,0.8532110091743119
0,expression,500,1.0,500,cptac,OV,101,0.7722772277227723
0,expression,500,1.0,500,cptac,PAAD,161,0.8944099378881988
0,expression,500,1.0,500,cptac,SKCM,162,0.9567901234567902
0,expression,500,1.0,500,cptac,STAD,151,0.16556291390728478
0,expression,500,1.0,500,cptac,UCEC,240,0.9833333333333333
0,expression,500,1.0,500,met500,BRCA,92,0.8586956521739131
0,expression,500,1.0,500,met500,CRC,11,0.7272727272727273
0,expression,500,1.0,500,met500,GBM,5,1.0
0,expression,500,1.0,500,met500,HNSC,24,0.5833333333333334
0,expression,500,1.0,500,met500,OV,13,0.5384615384615384
0,expression,500,1.0,500,met500,PAAD,14,0.42857142857142855
0,expression,500,1.0,500,met500,PRAD,91,0.8241758241758241
0,expression,500,1.0,500,met500,SKCM,13,0.8461538461538461
0,expression,500,1.0,500,met500,STAD,8,0.375
0,expression,all,0.01,13175,tcga_heldout,BRCA,219,0.9863013698630136
0,expression,all,0.01,13175,tcga_heldout,CRC,125,0.992
0,expression,all,0.01,13175,tcga_heldout,GBM,31,1.0
0,expression,all,0.01,13175,tcga_heldout,HNSC,104,1.0
0,expression,all,0.01,13175,tcga_heldout,KIRC,107,1.0
0,expression,all,0.01,13175,tcga_heldout,LUAD,103,0.9902912621359223
0,expression,all,0.01,13175,tcga_heldout,LUSC,100,0.98
0,expression,all,0.01,13175,tcga_heldout,OV,84,1.0
0,expression,all,0.01,13175,tcga_heldout,PAAD,36,1.0
0,expression,all,0.01,13175,tcga_heldout,PRAD,100,1.0
0,expression,all,0.01,13175,tcga_heldout,SKCM,21,0.9523809523809523
0,expression,all,0.01,13175,tcga_heldout,STAD,82,1.0
0,expression,all,0.01,13175,tcga_heldout,UCEC,109,1.0
0,expression,all,0.01,13175,cptac,BRCA,132,0.9848484848484849
0,expression,all,0.01,13175,cptac,CRC,106,1.0
0,expression,all,0.01,13175,cptac,GBM,193,1.0
0,expression,all,0.01,13175,cptac,HNSC,110,0.9636363636363636
0,expression,all,0.01,13175,cptac,KIRC,223,0.9955156950672646
0,expression,all,0.01,13175,cptac,LUAD,228,0.9912280701754386
0,expression,all,0.01,13175,cptac,LUSC,109,0.7706422018348624
0,expression,all,0.01,13175,cptac,OV,101,0.693069306930693
0,expression,all,0.01,13175,cptac,PAAD,161,0.968944099378882
0,expression,all,0.01,13175,cptac,SKCM,162,0.9259259259259259
0,expression,all,0.01,13175,cptac,STAD,151,0.006622516556291391
0,expression,all,0.01,13175,cptac,UCEC,240,0.9958333333333333
0,expression,all,0.01,13175,met500,BRCA,92,0.8152173913043478
0,expression,all,0.01,13175,met500,CRC,11,0.8181818181818182
0,expression,all,0.01,13175,met500,GBM,5,1.0
0,expression,all,0.01,13175,met500,HNSC,24,0.16666666666666666
0,expression,all,0.01,13175,met500,OV,13,0.6923076923076923
0,expression,all,0.01,13175,met500,PAAD,14,0.42857142857142855
0,expression,all,0.01,13175,met500,PRAD,91,0.7032967032967034
0,expression,all,0.01,13175,met500,SKCM,13,0.8461538461538461
0,expression,all,0.01,13175,met500,STAD,8,0.25
0,pairs,10,1.0,10,tcga_heldout,BRCA,219,0.821917808219178
0,pairs,10,1.0,10,tcga_heldout,CRC,125,0.928
0,pairs,10,1.0,10,tcga_heldout,GBM,31,0.9032258064516129
0,pairs,10,1.0,10,tcga_heldout,HNSC,104,0.7019230769230769
0,pairs,10,1.0,10,tcga_heldout,KIRC,107,0.9719626168224299
0,pairs,10,1.0,10,tcga_heldout,LUAD,103,0.4563106796116505
0,pairs,10,1.0,10,tcga_heldout,LUSC,100,0.43
0,pairs,10,1.0,10,tcga_heldout,OV,84,0.7738095238095238
0,pairs,10,1.0,10,tcga_heldout,PAAD,36,0.5555555555555556
0,pairs,10,1.0,10,tcga_heldout,PRAD,100,1.0
0,pairs,10,1.0,10,tcga_heldout,SKCM,21,0.5714285714285714
0,pairs,10,1.0,10,tcga_heldout,STAD,82,0.21951219512195122
0,pairs,10,1.0,10,tcga_heldout,UCEC,109,0.7889908256880734
0,pairs,10,1.0,10,cptac,BRCA,132,0.696969696969697
0,pairs,10,1.0,10,cptac,CRC,106,0.9245283018867925
0,pairs,10,1.0,10,cptac,GBM,193,0.8756476683937824
0,pairs,10,1.0,10,cptac,HNSC,110,0.44545454545454544
0,pairs,10,1.0,10,cptac,KIRC,223,0.9013452914798207
0,pairs,10,1.0,10,cptac,LUAD,228,0.4298245614035088
0,pairs,10,1.0,10,cptac,LUSC,109,0.6880733944954128
0,pairs,10,1.0,10,cptac,OV,101,0.8712871287128713
0,pairs,10,1.0,10,cptac,PAAD,161,0.09937888198757763
0,pairs,10,1.0,10,cptac,SKCM,162,0.6358024691358025
0,pairs,10,1.0,10,cptac,STAD,151,0.13245033112582782
0,pairs,10,1.0,10,cptac,UCEC,240,0.7916666666666666
0,pairs,10,1.0,10,met500,BRCA,92,0.5543478260869565
0,pairs,10,1.0,10,met500,CRC,11,0.6363636363636364
0,pairs,10,1.0,10,met500,GBM,5,0.4
0,pairs,10,1.0,10,met500,HNSC,24,0.75
0,pairs,10,1.0,10,met500,OV,13,0.5384615384615384
0,pairs,10,1.0,10,met500,PAAD,14,0.2857142857142857
0,pairs,10,1.0,10,met500,PRAD,91,0.7802197802197802
0,pairs,10,1.0,10,met500,SKCM,13,0.46153846153846156
0,pairs,10,1.0,10,met500,STAD,8,0.0
0,pairs,100,0.1,100,tcga_heldout,BRCA,219,0.9817351598173516
0,pairs,100,0.1,100,tcga_heldout,CRC,125,0.984
0,pairs,100,0.1,100,tcga_heldout,GBM,31,1.0
0,pairs,100,0.1,100,tcga_heldout,HNSC,104,0.9519230769230769
0,pairs,100,0.1,100,tcga_heldout,KIRC,107,0.9813084112149533
0,pairs,100,0.1,100,tcga_heldout,LUAD,103,0.9514563106796117
0,pairs,100,0.1,100,tcga_heldout,LUSC,100,0.91
0,pairs,100,0.1,100,tcga_heldout,OV,84,0.9285714285714286
0,pairs,100,0.1,100,tcga_heldout,PAAD,36,0.9722222222222222
0,pairs,100,0.1,100,tcga_heldout,PRAD,100,1.0
0,pairs,100,0.1,100,tcga_heldout,SKCM,21,0.9523809523809523
0,pairs,100,0.1,100,tcga_heldout,STAD,82,0.9512195121951219
0,pairs,100,0.1,100,tcga_heldout,UCEC,109,0.9541284403669725
0,pairs,100,0.1,100,cptac,BRCA,132,0.9848484848484849
0,pairs,100,0.1,100,cptac,CRC,106,1.0
0,pairs,100,0.1,100,cptac,GBM,193,0.9948186528497409
0,pairs,100,0.1,100,cptac,HNSC,110,0.8636363636363636
0,pairs,100,0.1,100,cptac,KIRC,223,0.9955156950672646
0,pairs,100,0.1,100,cptac,LUAD,228,0.9298245614035088
0,pairs,100,0.1,100,cptac,LUSC,109,0.926605504587156
0,pairs,100,0.1,100,cptac,OV,101,0.9207920792079208
0,pairs,100,0.1,100,cptac,PAAD,161,0.9503105590062112
0,pairs,100,0.1,100,cptac,SKCM,162,0.9691358024691358
0,pairs,100,0.1,100,cptac,STAD,151,0.4304635761589404
0,pairs,100,0.1,100,cptac,UCEC,240,0.9916666666666667
0,pairs,100,0.1,100,met500,BRCA,92,0.9239130434782609
0,pairs,100,0.1,100,met500,CRC,11,0.8181818181818182
0,pairs,100,0.1,100,met500,GBM,5,1.0
0,pairs,100,0.1,100,met500,HNSC,24,0.5
0,pairs,100,0.1,100,met500,OV,13,0.5384615384615384
0,pairs,100,0.1,100,met500,PAAD,14,0.5714285714285714
0,pairs,100,0.1,100,met500,PRAD,91,0.8681318681318682
0,pairs,100,0.1,100,met500,SKCM,13,0.6153846153846154
0,pairs,100,0.1,100,met500,STAD,8,0.25
0,pairs,150,0.1,150,tcga_heldout,BRCA,219,0.9817351598173516
0,pairs,150,0.1,150,tcga_heldout,CRC,125,1.0
0,pairs,150,0.1,150,tcga_heldout,GBM,31,1.0
0,pairs,150,0.1,150,tcga_heldout,HNSC,104,0.9807692307692307
0,pairs,150,0.1,150,tcga_heldout,KIRC,107,0.9906542056074766
0,pairs,150,0.1,150,tcga_heldout,LUAD,103,0.9902912621359223
0,pairs,150,0.1,150,tcga_heldout,LUSC,100,0.94
0,pairs,150,0.1,150,tcga_heldout,OV,84,0.9285714285714286
0,pairs,150,0.1,150,tcga_heldout,PAAD,36,1.0
0,pairs,150,0.1,150,tcga_heldout,PRAD,100,1.0
0,pairs,150,0.1,150,tcga_heldout,SKCM,21,0.9523809523809523
0,pairs,150,0.1,150,tcga_heldout,STAD,82,0.9634146341463414
0,pairs,150,0.1,150,tcga_heldout,UCEC,109,0.963302752293578
0,pairs,150,0.1,150,cptac,BRCA,132,0.9848484848484849
0,pairs,150,0.1,150,cptac,CRC,106,1.0
0,pairs,150,0.1,150,cptac,GBM,193,0.9896373056994818
0,pairs,150,0.1,150,cptac,HNSC,110,0.8818181818181818
0,pairs,150,0.1,150,cptac,KIRC,223,0.9955156950672646
0,pairs,150,0.1,150,cptac,LUAD,228,0.9649122807017544
0,pairs,150,0.1,150,cptac,LUSC,109,0.9357798165137615
0,pairs,150,0.1,150,cptac,OV,101,0.8217821782178217
0,pairs,150,0.1,150,cptac,PAAD,161,0.9627329192546584
0,pairs,150,0.1,150,cptac,SKCM,162,0.9876543209876543
0,pairs,150,0.1,150,cptac,STAD,151,0.31788079470198677
0,pairs,150,0.1,150,cptac,UCEC,240,1.0
0,pairs,150,0.1,150,met500,BRCA,92,0.9347826086956522
0,pairs,150,0.1,150,met500,CRC,11,0.8181818181818182
0,pairs,150,0.1,150,met500,GBM,5,1.0
0,pairs,150,0.1,150,met500,HNSC,24,0.5833333333333334
0,pairs,150,0.1,150,met500,OV,13,0.46153846153846156
0,pairs,150,0.1,150,met500,PAAD,14,0.6428571428571429
0,pairs,150,0.1,150,met500,PRAD,91,0.8571428571428571
0,pairs,150,0.1,150,met500,SKCM,13,0.8461538461538461
0,pairs,150,0.1,150,met500,STAD,8,0.25
0,pairs,20,0.1,20,tcga_heldout,BRCA,219,0.9771689497716894
0,pairs,20,0.1,20,tcga_heldout,CRC,125,0.928
0,pairs,20,0.1,20,tcga_heldout,GBM,31,1.0
0,pairs,20,0.1,20,tcga_heldout,HNSC,104,0.8942307692307693
0,pairs,20,0.1,20,tcga_heldout,KIRC,107,0.9906542056074766
0,pairs,20,0.1,20,tcga_heldout,LUAD,103,0.8543689320388349
0,pairs,20,0.1,20,tcga_heldout,LUSC,100,0.77
0,pairs,20,0.1,20,tcga_heldout,OV,84,0.8690476190476191
0,pairs,20,0.1,20,tcga_heldout,PAAD,36,0.75
0,pairs,20,0.1,20,tcga_heldout,PRAD,100,1.0
0,pairs,20,0.1,20,tcga_heldout,SKCM,21,0.7619047619047619
0,pairs,20,0.1,20,tcga_heldout,STAD,82,0.6341463414634146
0,pairs,20,0.1,20,tcga_heldout,UCEC,109,0.9357798165137615
0,pairs,20,0.1,20,cptac,BRCA,132,0.9621212121212122
0,pairs,20,0.1,20,cptac,CRC,106,0.9811320754716981
0,pairs,20,0.1,20,cptac,GBM,193,0.9948186528497409
0,pairs,20,0.1,20,cptac,HNSC,110,0.7545454545454545
0,pairs,20,0.1,20,cptac,KIRC,223,0.9955156950672646
0,pairs,20,0.1,20,cptac,LUAD,228,0.793859649122807
0,pairs,20,0.1,20,cptac,LUSC,109,0.8899082568807339
0,pairs,20,0.1,20,cptac,OV,101,0.8811881188118812
0,pairs,20,0.1,20,cptac,PAAD,161,0.22981366459627328
0,pairs,20,0.1,20,cptac,SKCM,162,0.8888888888888888
0,pairs,20,0.1,20,cptac,STAD,151,0.7417218543046358
0,pairs,20,0.1,20,cptac,UCEC,240,0.9166666666666666
0,pairs,20,0.1,20,met500,BRCA,92,0.8478260869565217
0,pairs,20,0.1,20,met500,CRC,11,0.5454545454545454
0,pairs,20,0.1,20,met500,GBM,5,1.0
0,pairs,20,0.1,20,met500,HNSC,24,0.7083333333333334
0,pairs,20,0.1,20,met500,OV,13,0.5384615384615384
0,pairs,20,0.1,20,met500,PAAD,14,0.2857142857142857
0,pairs,20,0.1,20,met500,PRAD,91,0.8461538461538461
0,pairs,20,0.1,20,met500,SKCM,13,0.5384615384615384
0,pairs,20,0.1,20,met500,STAD,8,0.25
0,pairs,50,1.0,50,tcga_heldout,BRCA,219,0.9908675799086758
0,pairs,50,1.0,50,tcga_heldout,CRC,125,0.968
0,pairs,50,1.0,50,tcga_heldout,GBM,31,1.0
0,pairs,50,1.0,50,tcga_heldout,HNSC,104,0.9134615384615384
0,pairs,50,1.0,50,tcga_heldout,KIRC,107,0.9906542056074766
0,pairs,50,1.0,50,tcga_heldout,LUAD,103,0.9514563106796117
0,pairs,50,1.0,50,tcga_heldout,LUSC,100,0.85
0,pairs,50,1.0,50,tcga_heldout,OV,84,0.9047619047619048
0,pairs,50,1.0,50,tcga_heldout,PAAD,36,0.9722222222222222
0,pairs,50,1.0,50,tcga_heldout,PRAD,100,1.0
0,pairs,50,1.0,50,tcga_heldout,SKCM,21,0.9523809523809523
0,pairs,50,1.0,50,tcga_heldout,STAD,82,0.8536585365853658
0,pairs,50,1.0,50,tcga_heldout,UCEC,109,0.963302752293578
0,pairs,50,1.0,50,cptac,BRCA,132,0.9772727272727273
0,pairs,50,1.0,50,cptac,CRC,106,0.9811320754716981
0,pairs,50,1.0,50,cptac,GBM,193,0.9896373056994818
0,pairs,50,1.0,50,cptac,HNSC,110,0.7363636363636363
0,pairs,50,1.0,50,cptac,KIRC,223,0.9955156950672646
0,pairs,50,1.0,50,cptac,LUAD,228,0.8903508771929824
0,pairs,50,1.0,50,cptac,LUSC,109,0.9174311926605505
0,pairs,50,1.0,50,cptac,OV,101,0.8712871287128713
0,pairs,50,1.0,50,cptac,PAAD,161,0.84472049689441
0,pairs,50,1.0,50,cptac,SKCM,162,0.9567901234567902
0,pairs,50,1.0,50,cptac,STAD,151,0.4966887417218543
0,pairs,50,1.0,50,cptac,UCEC,240,0.9791666666666666
0,pairs,50,1.0,50,met500,BRCA,92,0.8695652173913043
0,pairs,50,1.0,50,met500,CRC,11,0.7272727272727273
0,pairs,50,1.0,50,met500,GBM,5,1.0
0,pairs,50,1.0,50,met500,HNSC,24,0.4166666666666667
0,pairs,50,1.0,50,met500,OV,13,0.8461538461538461
0,pairs,50,1.0,50,met500,PAAD,14,0.5
0,pairs,50,1.0,50,met500,PRAD,91,0.8791208791208791
0,pairs,50,1.0,50,met500,SKCM,13,0.6153846153846154
0,pairs,50,1.0,50,met500,STAD,8,0.25
1,expression,10,1.0,10,tcga_heldout,BRCA,219,0.8447488584474886
1,expression,10,1.0,10,tcga_heldout,CRC,125,0.92
1,expression,10,1.0,10,tcga_heldout,GBM,31,1.0
1,expression,10,1.0,10,tcga_heldout,HNSC,104,0.7692307692307693
1,expression,10,1.0,10,tcga_heldout,KIRC,107,0.9439252336448598
1,expression,10,1.0,10,tcga_heldout,LUAD,103,0.6019417475728155
1,expression,10,1.0,10,tcga_heldout,LUSC,100,0.62
1,expression,10,1.0,10,tcga_heldout,OV,84,0.9285714285714286
1,expression,10,1.0,10,tcga_heldout,PAAD,36,0.6388888888888888
1,expression,10,1.0,10,tcga_heldout,PRAD,100,0.99
1,expression,10,1.0,10,tcga_heldout,SKCM,21,0.9523809523809523
1,expression,10,1.0,10,tcga_heldout,STAD,82,0.5487804878048781
1,expression,10,1.0,10,tcga_heldout,UCEC,109,0.8440366972477065
1,expression,10,1.0,10,cptac,BRCA,132,0.7803030303030303
1,expression,10,1.0,10,cptac,CRC,106,0.8773584905660378
1,expression,10,1.0,10,cptac,GBM,193,0.9481865284974094
1,expression,10,1.0,10,cptac,HNSC,110,0.2909090909090909
1,expression,10,1.0,10,cptac,KIRC,223,0.9730941704035875
1,expression,10,1.0,10,cptac,LUAD,228,0.4342105263157895
1,expression,10,1.0,10,cptac,LUSC,109,0.944954128440367
1,expression,10,1.0,10,cptac,OV,101,0.8910891089108911
1,expression,10,1.0,10,cptac,PAAD,161,0.13043478260869565
1,expression,10,1.0,10,cptac,SKCM,162,0.8333333333333334
1,expression,10,1.0,10,cptac,STAD,151,0.11920529801324503
1,expression,10,1.0,10,cptac,UCEC,240,0.9291666666666667
1,expression,10,1.0,10,met500,BRCA,92,0.6630434782608695
1,expression,10,1.0,10,met500,CRC,11,0.45454545454545453
1,expression,10,1.0,10,met500,GBM,5,0.6
1,expression,10,1.0,10,met500,HNSC,24,0.7083333333333334
1,expression,10,1.0,10,met500,OV,13,0.6923076923076923
1,expression,10,1.0,10,met500,PAAD,14,0.35714285714285715
1,expression,10,1.0,10,met500,PRAD,91,0.6593406593406593
1,expression,10,1.0,10,met500,SKCM,13,0.6153846153846154
1,expression,10,1.0,10,met500,STAD,8,0.0
1,expression,100,1.0,100,tcga_heldout,BRCA,219,0.9771689497716894
1,expression,100,1.0,100,tcga_heldout,CRC,125,0.968
1,expression,100,1.0,100,tcga_heldout,GBM,31,1.0
1,expression,100,1.0,100,tcga_heldout,HNSC,104,0.9134615384615384
1,expression,100,1.0,100,tcga_heldout,KIRC,107,0.9906542056074766
1,expression,100,1.0,100,tcga_heldout,LUAD,103,0.941747572815534
1,expression,100,1.0,100,tcga_heldout,LUSC,100,0.9
1,expression,100,1.0,100,tcga_heldout,OV,84,0.9880952380952381
1,expression,100,1.0,100,tcga_heldout,PAAD,36,0.9166666666666666
1,expression,100,1.0,100,tcga_heldout,PRAD,100,1.0
1,expression,100,1.0,100,tcga_heldout,SKCM,21,1.0
1,expression,100,1.0,100,tcga_heldout,STAD,82,0.9634146341463414
1,expression,100,1.0,100,tcga_heldout,UCEC,109,0.963302752293578
1,expression,100,1.0,100,cptac,BRCA,132,0.9848484848484849
1,expression,100,1.0,100,cptac,CRC,106,1.0
1,expression,100,1.0,100,cptac,GBM,193,1.0
1,expression,100,1.0,100,cptac,HNSC,110,0.8363636363636363
1,expression,100,1.0,100,cptac,KIRC,223,0.9955156950672646
1,expression,100,1.0,100,cptac,LUAD,228,0.8464912280701754
1,expression,100,1.0,100,cptac,LUSC,109,0.926605504587156
1,expression,100,1.0,100,cptac,OV,101,0.7326732673267327
1,expression,100,1.0,100,cptac,PAAD,161,0.9751552795031055
1,expression,100,1.0,100,cptac,SKCM,162,0.9382716049382716
1,expression,100,1.0,100,cptac,STAD,151,0.3973509933774834
1,expression,100,1.0,100,cptac,UCEC,240,0.9833333333333333
1,expression,100,1.0,100,met500,BRCA,92,0.9130434782608695
1,expression,100,1.0,100,met500,CRC,11,0.6363636363636364
1,expression,100,1.0,100,met500,GBM,5,1.0
1,expression,100,1.0,100,met500,HNSC,24,0.25
1,expression,100,1.0,100,met500,OV,13,0.46153846153846156
1,expression,100,1.0,100,met500,PAAD,14,0.6428571428571429
1,expression,100,1.0,100,met500,PRAD,91,0.8021978021978022
1,expression,100,1.0,100,met500,SKCM,13,0.5384615384615384
1,expression,100,1.0,100,met500,STAD,8,0.25
1,expression,150,0.1,150,tcga_heldout,BRCA,219,0.9817351598173516
1,expression,150,0.1,150,tcga_heldout,CRC,125,0.992
1,expression,150,0.1,150,tcga_heldout,GBM,31,1.0
1,expression,150,0.1,150,tcga_heldout,HNSC,104,0.9423076923076923
1,expression,150,0.1,150,tcga_heldout,KIRC,107,0.9906542056074766
1,expression,150,0.1,150,tcga_heldout,LUAD,103,0.9514563106796117
1,expression,150,0.1,150,tcga_heldout,LUSC,100,0.93
1,expression,150,0.1,150,tcga_heldout,OV,84,0.9880952380952381
1,expression,150,0.1,150,tcga_heldout,PAAD,36,1.0
1,expression,150,0.1,150,tcga_heldout,PRAD,100,1.0
1,expression,150,0.1,150,tcga_heldout,SKCM,21,1.0
1,expression,150,0.1,150,tcga_heldout,STAD,82,1.0
1,expression,150,0.1,150,tcga_heldout,UCEC,109,0.981651376146789
1,expression,150,0.1,150,cptac,BRCA,132,0.9848484848484849
1,expression,150,0.1,150,cptac,CRC,106,1.0
1,expression,150,0.1,150,cptac,GBM,193,1.0
1,expression,150,0.1,150,cptac,HNSC,110,0.9
1,expression,150,0.1,150,cptac,KIRC,223,0.9955156950672646
1,expression,150,0.1,150,cptac,LUAD,228,0.9605263157894737
1,expression,150,0.1,150,cptac,LUSC,109,0.8990825688073395
1,expression,150,0.1,150,cptac,OV,101,0.5346534653465347
1,expression,150,0.1,150,cptac,PAAD,161,0.9627329192546584
1,expression,150,0.1,150,cptac,SKCM,162,0.9567901234567902
1,expression,150,0.1,150,cptac,STAD,151,0.2980132450331126
1,expression,150,0.1,150,cptac,UCEC,240,0.9958333333333333
1,expression,150,0.1,150,met500,BRCA,92,0.9239130434782609
1,expression,150,0.1,150,met500,CRC,11,0.7272727272727273
1,expression,150,0.1,150,met500,GBM,5,1.0
1,expression,150,0.1,150,met500,HNSC,24,0.5
1,expression,150,0.1,150,met500,OV,13,0.23076923076923078
1,expression,150,0.1,150,met500,PAAD,14,0.7857142857142857
1,expression,150,0.1,150,met500,PRAD,91,0.8351648351648352
1,expression,150,0.1,150,met500,SKCM,13,0.7692307692307693
1,expression,150,0.1,150,met500,STAD,8,0.125
1,expression,20,1.0,20,tcga_heldout,BRCA,219,0.9634703196347032
1,expression,20,1.0,20,tcga_heldout,CRC,125,0.968
1,expression,20,1.0,20,tcga_heldout,GBM,31,1.0
1,expression,20,1.0,20,tcga_heldout,HNSC,104,0.9134615384615384
1,expression,20,1.0,20,tcga_heldout,KIRC,107,0.9719626168224299
1,expression,20,1.0,20,tcga_heldout,LUAD,103,0.8252427184466019
1,expression,20,1.0,20,tcga_heldout,LUSC,100,0.83
1,expression,20,1.0,20,tcga_heldout,OV,84,0.9880952380952381
1,expression,20,1.0,20,tcga_heldout,PAAD,36,0.8055555555555556
1,expression,20,1.0,20,tcga_heldout,PRAD,100,0.99
1,expression,20,1.0,20,tcga_heldout,SKCM,21,0.9523809523809523
1,expression,20,1.0,20,tcga_heldout,STAD,82,0.6585365853658537
1,expression,20,1.0,20,tcga_heldout,UCEC,109,0.8807339449541285
1,expression,20,1.0,20,cptac,BRCA,132,0.9393939393939394
1,expression,20,1.0,20,cptac,CRC,106,0.9528301886792453
1,expression,20,1.0,20,cptac,GBM,193,0.9948186528497409
1,expression,20,1.0,20,cptac,HNSC,110,0.7
1,expression,20,1.0,20,cptac,KIRC,223,0.9955156950672646
1,expression,20,1.0,20,cptac,LUAD,228,0.6008771929824561
1,expression,20,1.0,20,cptac,LUSC,109,0.9541284403669725
1,expression,20,1.0,20,cptac,OV,101,0.8118811881188119
1,expression,20,1.0,20,cptac,PAAD,161,0.18012422360248448
1,expression,20,1.0,20,cptac,SKCM,162,0.9197530864197531
1,expression,20,1.0,20,cptac,STAD,151,0.847682119205298
1,expression,20,1.0,20,cptac,UCEC,240,0.9083333333333333
1,expression,20,1.0,20,met500,BRCA,92,0.8369565217391305
1,expression,20,1.0,20,met500,CRC,11,0.2727272727272727
1,expression,20,1.0,20,met500,GBM,5,1.0
1,expression,20,1.0,20,met500,HNSC,24,0.625
1,expression,20,1.0,20,met500,OV,13,0.6923076923076923
1,expression,20,1.0,20,met500,PAAD,14,0.42857142857142855
1,expression,20,1.0,20,met500,PRAD,91,0.7362637362637363
1,expression,20,1.0,20,met500,SKCM,13,0.6153846153846154
1,expression,20,1.0,20,met500,STAD,8,0.125
1,expression,250,0.1,250,tcga_heldout,BRCA,219,0.9863013698630136
1,expression,250,0.1,250,tcga_heldout,CRC,125,0.992
1,expression,250,0.1,250,tcga_heldout,GBM,31,1.0
1,expression,250,0.1,250,tcga_heldout,HNSC,104,0.9615384615384616
1,expression,250,0.1,250,tcga_heldout,KIRC,107,1.0
1,expression,250,0.1,250,tcga_heldout,LUAD,103,0.9514563106796117
1,expression,250,0.1,250,tcga_heldout,LUSC,100,0.94
1,expression,250,0.1,250,tcga_heldout,OV,84,0.9880952380952381
1,expression,250,0.1,250,tcga_heldout,PAAD,36,0.9722222222222222
1,expression,250,0.1,250,tcga_heldout,PRAD,100,1.0
1,expression,250,0.1,250,tcga_heldout,SKCM,21,1.0
1,expression,250,0.1,250,tcga_heldout,STAD,82,1.0
1,expression,250,0.1,250,tcga_heldout,UCEC,109,0.9908256880733946
1,expression,250,0.1,250,cptac,BRCA,132,0.9848484848484849
1,expression,250,0.1,250,cptac,CRC,106,1.0
1,expression,250,0.1,250,cptac,GBM,193,1.0
1,expression,250,0.1,250,cptac,HNSC,110,0.9090909090909091
1,expression,250,0.1,250,cptac,KIRC,223,0.9955156950672646
1,expression,250,0.1,250,cptac,LUAD,228,0.9692982456140351
1,expression,250,0.1,250,cptac,LUSC,109,0.8899082568807339
1,expression,250,0.1,250,cptac,OV,101,0.7128712871287128
1,expression,250,0.1,250,cptac,PAAD,161,0.968944099378882
1,expression,250,0.1,250,cptac,SKCM,162,0.9444444444444444
1,expression,250,0.1,250,cptac,STAD,151,0.3509933774834437
1,expression,250,0.1,250,cptac,UCEC,240,0.9958333333333333
1,expression,250,0.1,250,met500,BRCA,92,0.9239130434782609
1,expression,250,0.1,250,met500,CRC,11,0.7272727272727273
1,expression,250,0.1,250,met500,GBM,5,1.0
1,expression,250,0.1,250,met500,HNSC,24,0.5416666666666666
1,expression,250,0.1,250,met500,OV,13,0.38461538461538464
1,expression,250,0.1,250,met500,PAAD,14,0.6428571428571429
1,expression,250,0.1,250,met500,PRAD,91,0.7802197802197802
1,expression,250,0.1,250,met500,SKCM,13,0.7692307692307693
1,expression,250,0.1,250,met500,STAD,8,0.125
1,expression,50,1.0,50,tcga_heldout,BRCA,219,0.9817351598173516
1,expression,50,1.0,50,tcga_heldout,CRC,125,0.984
1,expression,50,1.0,50,tcga_heldout,GBM,31,1.0
1,expression,50,1.0,50,tcga_heldout,HNSC,104,0.9326923076923077
1,expression,50,1.0,50,tcga_heldout,KIRC,107,0.9813084112149533
1,expression,50,1.0,50,tcga_heldout,LUAD,103,0.9320388349514563
1,expression,50,1.0,50,tcga_heldout,LUSC,100,0.84
1,expression,50,1.0,50,tcga_heldout,OV,84,0.9642857142857143
1,expression,50,1.0,50,tcga_heldout,PAAD,36,0.8611111111111112
1,expression,50,1.0,50,tcga_heldout,PRAD,100,1.0
1,expression,50,1.0,50,tcga_heldout,SKCM,21,1.0
1,expression,50,1.0,50,tcga_heldout,STAD,82,0.9146341463414634
1,expression,50,1.0,50,tcga_heldout,UCEC,109,0.8990825688073395
1,expression,50,1.0,50,cptac,BRCA,132,0.9772727272727273
1,expression,50,1.0,50,cptac,CRC,106,0.9811320754716981
1,expression,50,1.0,50,cptac,GBM,193,1.0
1,expression,50,1.0,50,cptac,HNSC,110,0.7
1,expression,50,1.0,50,cptac,KIRC,223,0.9955156950672646
1,expression,50,1.0,50,cptac,LUAD,228,0.8903508771929824
1,expression,50,1.0,50,cptac,LUSC,109,0.9541284403669725
1,expression,50,1.0,50,cptac,OV,101,0.8910891089108911
1,expression,50,1.0,50,cptac,PAAD,161,0.9627329192546584
1,expression,50,1.0,50,cptac,SKCM,162,0.9382716049382716
1,expression,50,1.0,50,cptac,STAD,151,0.2251655629139073
1,expression,50,1.0,50,cptac,UCEC,240,0.9708333333333333
1,expression,50,1.0,50,met500,BRCA,92,0.9021739130434783
1,expression,50,1.0,50,met500,CRC,11,0.5454545454545454
1,expression,50,1.0,50,met500,GBM,5,1.0
1,expression,50,1.0,50,met500,HNSC,24,0.4583333333333333
1,expression,50,1.0,50,met500,OV,13,0.5384615384615384
1,expression,50,1.0,50,met500,PAAD,14,0.5
1,expression,50,1.0,50,met500,PRAD,91,0.7472527472527473
1,expression,50,1.0,50,met500,SKCM,13,0.6153846153846154
1,expression,50,1.0,50,met500,STAD,8,0.125
1,expression,500,1.0,500,tcga_heldout,BRCA,219,0.9954337899543378
1,expression,500,1.0,500,tcga_heldout,CRC,125,0.992
1,expression,500,1.0,500,tcga_heldout,GBM,31,1.0
1,expression,500,1.0,500,tcga_heldout,HNSC,104,0.9711538461538461
1,expression,500,1.0,500,tcga_heldout,KIRC,107,0.9906542056074766
1,expression,500,1.0,500,tcga_heldout,LUAD,103,0.941747572815534
1,expression,500,1.0,500,tcga_heldout,LUSC,100,0.9
1,expression,500,1.0,500,tcga_heldout,OV,84,0.9880952380952381
1,expression,500,1.0,500,tcga_heldout,PAAD,36,0.9722222222222222
1,expression,500,1.0,500,tcga_heldout,PRAD,100,1.0
1,expression,500,1.0,500,tcga_heldout,SKCM,21,1.0
1,expression,500,1.0,500,tcga_heldout,STAD,82,1.0
1,expression,500,1.0,500,tcga_heldout,UCEC,109,1.0
1,expression,500,1.0,500,cptac,BRCA,132,0.9848484848484849
1,expression,500,1.0,500,cptac,CRC,106,1.0
1,expression,500,1.0,500,cptac,GBM,193,1.0
1,expression,500,1.0,500,cptac,HNSC,110,0.9636363636363636
1,expression,500,1.0,500,cptac,KIRC,223,1.0
1,expression,500,1.0,500,cptac,LUAD,228,0.9868421052631579
1,expression,500,1.0,500,cptac,LUSC,109,0.8715596330275229
1,expression,500,1.0,500,cptac,OV,101,0.6831683168316832
1,expression,500,1.0,500,cptac,PAAD,161,0.9130434782608695
1,expression,500,1.0,500,cptac,SKCM,162,0.9567901234567902
1,expression,500,1.0,500,cptac,STAD,151,0.2052980132450331
1,expression,500,1.0,500,cptac,UCEC,240,0.975
1,expression,500,1.0,500,met500,BRCA,92,0.9239130434782609
1,expression,500,1.0,500,met500,CRC,11,0.7272727272727273
1,expression,500,1.0,500,met500,GBM,5,1.0
1,expression,500,1.0,500,met500,HNSC,24,0.625
1,expression,500,1.0,500,met500,OV,13,0.6153846153846154
1,expression,500,1.0,500,met500,PAAD,14,0.5
1,expression,500,1.0,500,met500,PRAD,91,0.7912087912087912
1,expression,500,1.0,500,met500,SKCM,13,0.7692307692307693
1,expression,500,1.0,500,met500,STAD,8,0.25
1,expression,all,0.1,13176,tcga_heldout,BRCA,219,1.0
1,expression,all,0.1,13176,tcga_heldout,CRC,125,0.984
1,expression,all,0.1,13176,tcga_heldout,GBM,31,1.0
1,expression,all,0.1,13176,tcga_heldout,HNSC,104,0.9615384615384616
1,expression,all,0.1,13176,tcga_heldout,KIRC,107,0.9906542056074766
1,expression,all,0.1,13176,tcga_heldout,LUAD,103,0.970873786407767
1,expression,all,0.1,13176,tcga_heldout,LUSC,100,0.91
1,expression,all,0.1,13176,tcga_heldout,OV,84,1.0
1,expression,all,0.1,13176,tcga_heldout,PAAD,36,1.0
1,expression,all,0.1,13176,tcga_heldout,PRAD,100,1.0
1,expression,all,0.1,13176,tcga_heldout,SKCM,21,1.0
1,expression,all,0.1,13176,tcga_heldout,STAD,82,1.0
1,expression,all,0.1,13176,tcga_heldout,UCEC,109,1.0
1,expression,all,0.1,13176,cptac,BRCA,132,0.9848484848484849
1,expression,all,0.1,13176,cptac,CRC,106,1.0
1,expression,all,0.1,13176,cptac,GBM,193,1.0
1,expression,all,0.1,13176,cptac,HNSC,110,0.990909090909091
1,expression,all,0.1,13176,cptac,KIRC,223,0.9955156950672646
1,expression,all,0.1,13176,cptac,LUAD,228,0.9956140350877193
1,expression,all,0.1,13176,cptac,LUSC,109,0.48623853211009177
1,expression,all,0.1,13176,cptac,OV,101,0.7722772277227723
1,expression,all,0.1,13176,cptac,PAAD,161,0.968944099378882
1,expression,all,0.1,13176,cptac,SKCM,162,0.9197530864197531
1,expression,all,0.1,13176,cptac,STAD,151,0.0
1,expression,all,0.1,13176,cptac,UCEC,240,0.9833333333333333
1,expression,all,0.1,13176,met500,BRCA,92,0.7934782608695652
1,expression,all,0.1,13176,met500,CRC,11,0.7272727272727273
1,expression,all,0.1,13176,met500,GBM,5,1.0
1,expression,all,0.1,13176,met500,HNSC,24,0.375
1,expression,all,0.1,13176,met500,OV,13,0.7692307692307693
1,expression,all,0.1,13176,met500,PAAD,14,0.42857142857142855
1,expression,all,0.1,13176,met500,PRAD,91,0.6043956043956044
1,expression,all,0.1,13176,met500,SKCM,13,0.7692307692307693
1,expression,all,0.1,13176,met500,STAD,8,0.0
1,pairs,10,0.1,10,tcga_heldout,BRCA,219,0.8264840182648402
1,pairs,10,0.1,10,tcga_heldout,CRC,125,0.92
1,pairs,10,0.1,10,tcga_heldout,GBM,31,0.9032258064516129
1,pairs,10,0.1,10,tcga_heldout,HNSC,104,0.7211538461538461
1,pairs,10,0.1,10,tcga_heldout,KIRC,107,0.9252336448598131
1,pairs,10,0.1,10,tcga_heldout,LUAD,103,0.46601941747572817
1,pairs,10,0.1,10,tcga_heldout,LUSC,100,0.42
1,pairs,10,0.1,10,tcga_heldout,OV,84,0.7857142857142857
1,pairs,10,0.1,10,tcga_heldout,PAAD,36,0.7222222222222222
1,pairs,10,0.1,10,tcga_heldout,PRAD,100,0.99
1,pairs,10,0.1,10,tcga_heldout,SKCM,21,0.7142857142857143
1,pairs,10,0.1,10,tcga_heldout,STAD,82,0.23170731707317074
1,pairs,10,0.1,10,tcga_heldout,UCEC,109,0.7706422018348624
1,pairs,10,0.1,10,cptac,BRCA,132,0.7196969696969697
1,pairs,10,0.1,10,cptac,CRC,106,0.9433962264150944
1,pairs,10,0.1,10,cptac,GBM,193,0.844559585492228
1,pairs,10,0.1,10,cptac,HNSC,110,0.42727272727272725
1,pairs,10,0.1,10,cptac,KIRC,223,0.968609865470852
1,pairs,10,0.1,10,cptac,LUAD,228,0.40789473684210525
1,pairs,10,0.1,10,cptac,LUSC,109,0.7247706422018348
1,pairs,10,0.1,10,cptac,OV,101,0.8811881188118812
1,pairs,10,0.1,10,cptac,PAAD,161,0.13664596273291926
1,pairs,10,0.1,10,cptac,SKCM,162,0.7283950617283951
1,pairs,10,0.1,10,cptac,STAD,151,0.09933774834437085
1,pairs,10,0.1,10,cptac,UCEC,240,0.7041666666666667
1,pairs,10,0.1,10,met500,BRCA,92,0.5978260869565217
1,pairs,10,0.1,10,met500,CRC,11,0.7272727272727273
1,pairs,10,0.1,10,met500,GBM,5,0.4
1,pairs,10,0.1,10,met500,HNSC,24,0.7083333333333334
1,pairs,10,0.1,10,met500,OV,13,0.5384615384615384
1,pairs,10,0.1,10,met500,PAAD,14,0.35714285714285715
1,pairs,10,0.1,10,met500,PRAD,91,0.7802197802197802
1,pairs,10,0.1,10,met500,SKCM,13,0.5384615384615384
1,pairs,10,0.1,10,met500,STAD,8,0.0
1,pairs,100,1.0,100,tcga_heldout,BRCA,219,0.9863013698630136
1,pairs,100,1.0,100,tcga_heldout,CRC,125,0.984
1,pairs,100,1.0,100,tcga_heldout,GBM,31,1.0
1,pairs,100,1.0,100,tcga_heldout,HNSC,104,0.9326923076923077
1,pairs,100,1.0,100,tcga_heldout,KIRC,107,0.9906542056074766
1,pairs,100,1.0,100,tcga_heldout,LUAD,103,0.9514563106796117
1,pairs,100,1.0,100,tcga_heldout,LUSC,100,0.9
1,pairs,100,1.0,100,tcga_heldout,OV,84,0.9761904761904762
1,pairs,100,1.0,100,tcga_heldout,PAAD,36,0.9444444444444444
1,pairs,100,1.0,100,tcga_heldout,PRAD,100,1.0
1,pairs,100,1.0,100,tcga_heldout,SKCM,21,1.0
1,pairs,100,1.0,100,tcga_heldout,STAD,82,0.975609756097561
1,pairs,100,1.0,100,tcga_heldout,UCEC,109,0.9724770642201835
1,pairs,100,1.0,100,cptac,BRCA,132,0.9848484848484849
1,pairs,100,1.0,100,cptac,CRC,106,1.0
1,pairs,100,1.0,100,cptac,GBM,193,0.9896373056994818
1,pairs,100,1.0,100,cptac,HNSC,110,0.8636363636363636
1,pairs,100,1.0,100,cptac,KIRC,223,0.9955156950672646
1,pairs,100,1.0,100,cptac,LUAD,228,0.9385964912280702
1,pairs,100,1.0,100,cptac,LUSC,109,0.9357798165137615
1,pairs,100,1.0,100,cptac,OV,101,0.8910891089108911
1,pairs,100,1.0,100,cptac,PAAD,161,0.9316770186335404
1,pairs,100,1.0,100,cptac,SKCM,162,0.9691358024691358
1,pairs,100,1.0,100,cptac,STAD,151,0.37748344370860926
1,pairs,100,1.0,100,cptac,UCEC,240,0.9875
1,pairs,100,1.0,100,met500,BRCA,92,0.9021739130434783
1,pairs,100,1.0,100,met500,CRC,11,0.7272727272727273
1,pairs,100,1.0,100,met500,GBM,5,1.0
1,pairs,100,1.0,100,met500,HNSC,24,0.4166666666666667
1,pairs,100,1.0,100,met500,OV,13,0.7692307692307693
1,pairs,100,1.0,100,met500,PAAD,14,0.5
1,pairs,100,1.0,100,met500,PRAD,91,0.8571428571428571
1,pairs,100,1.0,100,met500,SKCM,13,0.6153846153846154
1,pairs,100,1.0,100,met500,STAD,8,0.25
1,pairs,150,0.1,150,tcga_heldout,BRCA,219,0.9863013698630136
1,pairs,150,0.1,150,tcga_heldout,CRC,125,0.984
1,pairs,150,0.1,150,tcga_heldout,GBM,31,1.0
1,pairs,150,0.1,150,tcga_heldout,HNSC,104,0.9615384615384616
1,pairs,150,0.1,150,tcga_heldout,KIRC,107,0.9906542056074766
1,pairs,150,0.1,150,tcga_heldout,LUAD,103,0.9320388349514563
1,pairs,150,0.1,150,tcga_heldout,LUSC,100,0.92
1,pairs,150,0.1,150,tcga_heldout,OV,84,0.9880952380952381
1,pairs,150,0.1,150,tcga_heldout,PAAD,36,0.9722222222222222
1,pairs,150,0.1,150,tcga_heldout,PRAD,100,1.0
1,pairs,150,0.1,150,tcga_heldout,SKCM,21,1.0
1,pairs,150,0.1,150,tcga_heldout,STAD,82,1.0
1,pairs,150,0.1,150,tcga_heldout,UCEC,109,0.9908256880733946
1,pairs,150,0.1,150,cptac,BRCA,132,0.9848484848484849
1,pairs,150,0.1,150,cptac,CRC,106,1.0
1,pairs,150,0.1,150,cptac,GBM,193,0.9948186528497409
1,pairs,150,0.1,150,cptac,HNSC,110,0.8636363636363636
1,pairs,150,0.1,150,cptac,KIRC,223,0.9955156950672646
1,pairs,150,0.1,150,cptac,LUAD,228,0.9649122807017544
1,pairs,150,0.1,150,cptac,LUSC,109,0.9541284403669725
1,pairs,150,0.1,150,cptac,OV,101,0.8217821782178217
1,pairs,150,0.1,150,cptac,PAAD,161,0.9503105590062112
1,pairs,150,0.1,150,cptac,SKCM,162,0.9629629629629629
1,pairs,150,0.1,150,cptac,STAD,151,0.3509933774834437
1,pairs,150,0.1,150,cptac,UCEC,240,0.9958333333333333
1,pairs,150,0.1,150,met500,BRCA,92,0.9239130434782609
1,pairs,150,0.1,150,met500,CRC,11,0.8181818181818182
1,pairs,150,0.1,150,met500,GBM,5,1.0
1,pairs,150,0.1,150,met500,HNSC,24,0.4583333333333333
1,pairs,150,0.1,150,met500,OV,13,0.5384615384615384
1,pairs,150,0.1,150,met500,PAAD,14,0.7142857142857143
1,pairs,150,0.1,150,met500,PRAD,91,0.8681318681318682
1,pairs,150,0.1,150,met500,SKCM,13,0.7692307692307693
1,pairs,150,0.1,150,met500,STAD,8,0.25
1,pairs,20,0.1,20,tcga_heldout,BRCA,219,0.9726027397260274
1,pairs,20,0.1,20,tcga_heldout,CRC,125,0.952
1,pairs,20,0.1,20,tcga_heldout,GBM,31,1.0
1,pairs,20,0.1,20,tcga_heldout,HNSC,104,0.8461538461538461
1,pairs,20,0.1,20,tcga_heldout,KIRC,107,0.9813084112149533
1,pairs,20,0.1,20,tcga_heldout,LUAD,103,0.8252427184466019
1,pairs,20,0.1,20,tcga_heldout,LUSC,100,0.8
1,pairs,20,0.1,20,tcga_heldout,OV,84,0.9642857142857143
1,pairs,20,0.1,20,tcga_heldout,PAAD,36,0.7222222222222222
1,pairs,20,0.1,20,tcga_heldout,PRAD,100,0.99
1,pairs,20,0.1,20,tcga_heldout,SKCM,21,0.9523809523809523
1,pairs,20,0.1,20,tcga_heldout,STAD,82,0.6341463414634146
1,pairs,20,0.1,20,tcga_heldout,UCEC,109,0.8715596330275229
1,pairs,20,0.1,20,cptac,BRCA,132,0.9772727272727273
1,pairs,20,0.1,20,cptac,CRC,106,0.9716981132075472
1,pairs,20,0.1,20,cptac,GBM,193,0.9948186528497409
1,pairs,20,0.1,20,cptac,HNSC,110,0.8090909090909091
1,pairs,20,0.1,20,cptac,KIRC,223,0.9910313901345291
1,pairs,20,0.1,20,cptac,LUAD,228,0.7982456140350878
1,pairs,20,0.1,20,cptac,LUSC,109,0.8532110091743119
1,pairs,20,0.1,20,cptac,OV,101,0.8910891089108911
1,pairs,20,0.1,20,cptac,PAAD,161,0.2484472049689441
1,pairs,20,0.1,20,cptac,SKCM,162,0.8827160493827161
1,pairs,20,0.1,20,cptac,STAD,151,0.7615894039735099
1,pairs,20,0.1,20,cptac,UCEC,240,0.9041666666666667
1,pairs,20,0.1,20,met500,BRCA,92,0.8260869565217391
1,pairs,20,0.1,20,met500,CRC,11,0.5454545454545454
1,pairs,20,0.1,20,met500,GBM,5,1.0
1,pairs,20,0.1,20,met500,HNSC,24,0.6666666666666666
1,pairs,20,0.1,20,met500,OV,13,0.6923076923076923
1,pairs,20,0.1,20,met500,PAAD,14,0.42857142857142855
1,pairs,20,0.1,20,met500,PRAD,91,0.8131868131868132
1,pairs,20,0.1,20,met500,SKCM,13,0.5384615384615384
1,pairs,20,0.1,20,met500,STAD,8,0.0
1,pairs,50,1.0,50,tcga_heldout,BRCA,219,0.9908675799086758
1,pairs,50,1.0,50,tcga_heldout,CRC,125,0.984
1,pairs,50,1.0,50,tcga_heldout,GBM,31,1.0
1,pairs,50,1.0,50,tcga_heldout,HNSC,104,0.9423076923076923
1,pairs,50,1.0,50,tcga_heldout,KIRC,107,0.9906542056074766
1,pairs,50,1.0,50,tcga_heldout,LUAD,103,0.941747572815534
1,pairs,50,1.0,50,tcga_heldout,LUSC,100,0.85
1,pairs,50,1.0,50,tcga_heldout,OV,84,0.9880952380952381
1,pairs,50,1.0,50,tcga_heldout,PAAD,36,0.8333333333333334
1,pairs,50,1.0,50,tcga_heldout,PRAD,100,1.0
1,pairs,50,1.0,50,tcga_heldout,SKCM,21,1.0
1,pairs,50,1.0,50,tcga_heldout,STAD,82,0.9512195121951219
1,pairs,50,1.0,50,tcga_heldout,UCEC,109,0.8899082568807339
1,pairs,50,1.0,50,cptac,BRCA,132,0.9848484848484849
1,pairs,50,1.0,50,cptac,CRC,106,0.9622641509433962
1,pairs,50,1.0,50,cptac,GBM,193,0.9896373056994818
1,pairs,50,1.0,50,cptac,HNSC,110,0.7363636363636363
1,pairs,50,1.0,50,cptac,KIRC,223,0.9955156950672646
1,pairs,50,1.0,50,cptac,LUAD,228,0.9078947368421053
1,pairs,50,1.0,50,cptac,LUSC,109,0.8899082568807339
1,pairs,50,1.0,50,cptac,OV,101,0.9306930693069307
1,pairs,50,1.0,50,cptac,PAAD,161,0.8944099378881988
1,pairs,50,1.0,50,cptac,SKCM,162,0.9629629629629629
1,pairs,50,1.0,50,cptac,STAD,151,0.423841059602649
1,pairs,50,1.0,50,cptac,UCEC,240,0.9625
1,pairs,50,1.0,50,met500,BRCA,92,0.8804347826086957
1,pairs,50,1.0,50,met500,CRC,11,0.6363636363636364
1,pairs,50,1.0,50,met500,GBM,5,1.0
1,pairs,50,1.0,50,met500,HNSC,24,0.5
1,pairs,50,1.0,50,met500,OV,13,0.6923076923076923
1,pairs,50,1.0,50,met500,PAAD,14,0.42857142857142855
1,pairs,50,1.0,50,met500,PRAD,91,0.8681318681318682
1,pairs,50,1.0,50,met500,SKCM,13,0.6153846153846154
1,pairs,50,1.0,50,met500,STAD,8,0.375
2,expression,10,1.0,10,tcga_heldout,BRCA,219,0.8949771689497716
2,expression,10,1.0,10,tcga_heldout,CRC,125,0.912
2,expression,10,1.0,10,tcga_heldout,GBM,31,1.0
2,expression,10,1.0,10,tcga_heldout,HNSC,104,0.7980769230769231
2,expression,10,1.0,10,tcga_heldout,KIRC,107,0.9532710280373832
2,expression,10,1.0,10,tcga_heldout,LUAD,103,0.6116504854368932
2,expression,10,1.0,10,tcga_heldout,LUSC,100,0.57
2,expression,10,1.0,10,tcga_heldout,OV,84,0.9285714285714286
2,expression,10,1.0,10,tcga_heldout,PAAD,36,0.6944444444444444
2,expression,10,1.0,10,tcga_heldout,PRAD,100,1.0
2,expression,10,1.0,10,tcga_heldout,SKCM,21,0.9523809523809523
2,expression,10,1.0,10,tcga_heldout,STAD,82,0.524390243902439
2,expression,10,1.0,10,tcga_heldout,UCEC,109,0.8623853211009175
2,expression,10,1.0,10,cptac,BRCA,132,0.7803030303030303
2,expression,10,1.0,10,cptac,CRC,106,0.8773584905660378
2,expression,10,1.0,10,cptac,GBM,193,0.9637305699481865
2,expression,10,1.0,10,cptac,HNSC,110,0.2818181818181818
2,expression,10,1.0,10,cptac,KIRC,223,0.968609865470852
2,expression,10,1.0,10,cptac,LUAD,228,0.45614035087719296
2,expression,10,1.0,10,cptac,LUSC,109,0.9357798165137615
2,expression,10,1.0,10,cptac,OV,101,0.8910891089108911
2,expression,10,1.0,10,cptac,PAAD,161,0.13043478260869565
2,expression,10,1.0,10,cptac,SKCM,162,0.8209876543209876
2,expression,10,1.0,10,cptac,STAD,151,0.11920529801324503
2,expression,10,1.0,10,cptac,UCEC,240,0.9333333333333333
2,expression,10,1.0,10,met500,BRCA,92,0.6739130434782609
2,expression,10,1.0,10,met500,CRC,11,0.5454545454545454
2,expression,10,1.0,10,met500,GBM,5,0.6
2,expression,10,1.0,10,met500,HNSC,24,0.75
2,expression,10,1.0,10,met500,OV,13,0.6923076923076923
2,expression,10,1.0,10,met500,PAAD,14,0.42857142857142855
2,expression,10,1.0,10,met500,PRAD,91,0.6813186813186813
2,expression,10,1.0,10,met500,SKCM,13,0.6153846153846154
2,expression,10,1.0,10,met500,STAD,8,0.0
2,expression,100,1.0,100,tcga_heldout,BRCA,219,0.9908675799086758
2,expression,100,1.0,100,tcga_heldout,CRC,125,0.96
2,expression,100,1.0,100,tcga_heldout,GBM,31,1.0
2,expression,100,1.0,100,tcga_heldout,HNSC,104,0.9230769230769231
2,expression,100,1.0,100,tcga_heldout,KIRC,107,0.9813084112149533
2,expression,100,1.0,100,tcga_heldout,LUAD,103,0.9611650485436893
2,expression,100,1.0,100,tcga_heldout,LUSC,100,0.89
2,expression,100,1.0,100,tcga_heldout,OV,84,0.9642857142857143
2,expression,100,1.0,100,tcga_heldout,PAAD,36,0.9722222222222222
2,expression,100,1.0,100,tcga_heldout,PRAD,100,1.0
2,expression,100,1.0,100,tcga_heldout,SKCM,21,0.9523809523809523
2,expression,100,1.0,100,tcga_heldout,STAD,82,0.975609756097561
2,expression,100,1.0,100,tcga_heldout,UCEC,109,0.9724770642201835
2,expression,100,1.0,100,cptac,BRCA,132,0.9848484848484849
2,expression,100,1.0,100,cptac,CRC,106,1.0
2,expression,100,1.0,100,cptac,GBM,193,1.0
2,expression,100,1.0,100,cptac,HNSC,110,0.7909090909090909
2,expression,100,1.0,100,cptac,KIRC,223,0.9955156950672646
2,expression,100,1.0,100,cptac,LUAD,228,0.868421052631579
2,expression,100,1.0,100,cptac,LUSC,109,0.9357798165137615
2,expression,100,1.0,100,cptac,OV,101,0.7326732673267327
2,expression,100,1.0,100,cptac,PAAD,161,0.9875776397515528
2,expression,100,1.0,100,cptac,SKCM,162,0.9074074074074074
2,expression,100,1.0,100,cptac,STAD,151,0.2251655629139073
2,expression,100,1.0,100,cptac,UCEC,240,0.9916666666666667
2,expression,100,1.0,100,met500,BRCA,92,0.9130434782608695
2,expression,100,1.0,100,met500,CRC,11,0.7272727272727273
2,expression,100,1.0,100,met500,GBM,5,1.0
2,expression,100,1.0,100,met500,HNSC,24,0.4166666666666667
2,expression,100,1.0,100,met500,OV,13,0.5384615384615384
2,expression,100,1.0,100,met500,PAAD,14,0.5714285714285714
2,expression,100,1.0,100,met500,PRAD,91,0.8571428571428571
2,expression,100,1.0,100,met500,SKCM,13,0.6153846153846154
2,expression,100,1.0,100,met500,STAD,8,0.25
2,expression,150,0.1,150,tcga_heldout,BRCA,219,0.9954337899543378
2,expression,150,0.1,150,tcga_heldout,CRC,125,0.968
2,expression,150,0.1,150,tcga_heldout,GBM,31,1.0
2,expression,150,0.1,150,tcga_heldout,HNSC,104,0.9134615384615384
2,expression,150,0.1,150,tcga_heldout,KIRC,107,0.9813084112149533
2,expression,150,0.1,150,tcga_heldout,LUAD,103,0.9514563106796117
2,expression,150,0.1,150,tcga_heldout,LUSC,100,0.91
2,expression,150,0.1,150,tcga_heldout,OV,84,0.9761904761904762
2,expression,150,0.1,150,tcga_heldout,PAAD,36,0.9722222222222222
2,expression,150,0.1,150,tcga_heldout,PRAD,100,1.0
2,expression,150,0.1,150,tcga_heldout,SKCM,21,0.9523809523809523
2,expression,150,0.1,150,tcga_heldout,STAD,82,0.9878048780487805
2,expression,150,0.1,150,tcga_heldout,UCEC,109,0.963302752293578
2,expression,150,0.1,150,cptac,BRCA,132,0.9848484848484849
2,expression,150,0.1,150,cptac,CRC,106,1.0
2,expression,150,0.1,150,cptac,GBM,193,1.0
2,expression,150,0.1,150,cptac,HNSC,110,0.9272727272727272
2,expression,150,0.1,150,cptac,KIRC,223,0.9955156950672646
2,expression,150,0.1,150,cptac,LUAD,228,0.9605263157894737
2,expression,150,0.1,150,cptac,LUSC,109,0.8715596330275229
2,expression,150,0.1,150,cptac,OV,101,0.5346534653465347
2,expression,150,0.1,150,cptac,PAAD,161,0.9875776397515528
2,expression,150,0.1,150,cptac,SKCM,162,0.9382716049382716
2,expression,150,0.1,150,cptac,STAD,151,0.2185430463576159
2,expression,150,0.1,150,cptac,UCEC,240,0.9958333333333333
2,expression,150,0.1,150,met500,BRCA,92,0.9347826086956522
2,expression,150,0.1,150,met500,CRC,11,0.7272727272727273
2,expression,150,0.1,150,met500,GBM,5,1.0
2,expression,150,0.1,150,met500,HNSC,24,0.5833333333333334
2,expression,150,0.1,150,met500,OV,13,0.23076923076923078
2,expression,150,0.1,150,met500,PAAD,14,0.7142857142857143
2,expression,150,0.1,150,met500,PRAD,91,0.8461538461538461
2,expression,150,0.1,150,met500,SKCM,13,0.6923076923076923
2,expression,150,0.1,150,met500,STAD,8,0.125
2,expression,20,1.0,20,tcga_heldout,BRCA,219,0.9863013698630136
2,expression,20,1.0,20,tcga_heldout,CRC,125,0.96
2,expression,20,1.0,20,tcga_heldout,GBM,31,1.0
2,expression,20,1.0,20,tcga_heldout,HNSC,104,0.8269230769230769
2,expression,20,1.0,20,tcga_heldout,KIRC,107,0.9813084112149533
2,expression,20,1.0,20,tcga_heldout,LUAD,103,0.7766990291262136
2,expression,20,1.0,20,tcga_heldout,LUSC,100,0.83
2,expression,20,1.0,20,tcga_heldout,OV,84,0.9404761904761905
2,expression,20,1.0,20,tcga_heldout,PAAD,36,0.7777777777777778
2,expression,20,1.0,20,tcga_heldout,PRAD,100,1.0
2,expression,20,1.0,20,tcga_heldout,SKCM,21,0.9523809523809523
2,expression,20,1.0,20,tcga_heldout,STAD,82,0.6951219512195121
2,expression,20,1.0,20,tcga_heldout,UCEC,109,0.9357798165137615
2,expression,20,1.0,20,cptac,BRCA,132,0.946969696969697
2,expression,20,1.0,20,cptac,CRC,106,0.9716981132075472
2,expression,20,1.0,20,cptac,GBM,193,0.9948186528497409
2,expression,20,1.0,20,cptac,HNSC,110,0.7272727272727273
2,expression,20,1.0,20,cptac,KIRC,223,0.9955156950672646
2,expression,20,1.0,20,cptac,LUAD,228,0.6447368421052632
2,expression,20,1.0,20,cptac,LUSC,109,0.926605504587156
2,expression,20,1.0,20,cptac,OV,101,0.8514851485148515
2,expression,20,1.0,20,cptac,PAAD,161,0.38509316770186336
2,expression,20,1.0,20,cptac,SKCM,162,0.9135802469135802
2,expression,20,1.0,20,cptac,STAD,151,0.7814569536423841
2,expression,20,1.0,20,cptac,UCEC,240,0.925
2,expression,20,1.0,20,met500,BRCA,92,0.782608695652174
2,expression,20,1.0,20,met500,CRC,11,0.36363636363636365
2,expression,20,1.0,20,met500,GBM,5,1.0
2,expression,20,1.0,20,met500,HNSC,24,0.5833333333333334
2,expression,20,1.0,20,met500,OV,13,0.7692307692307693
2,expression,20,1.0,20,met500,PAAD,14,0.35714285714285715
2,expression,20,1.0,20,met500,PRAD,91,0.7802197802197802
2,expression,20,1.0,20,met500,SKCM,13,0.6153846153846154
2,expression,20,1.0,20,met500,STAD,8,0.25
2,expression,250,0.1,250,tcga_heldout,BRCA,219,0.9954337899543378
2,expression,250,0.1,250,tcga_heldout,CRC,125,0.968
2,expression,250,0.1,250,tcga_heldout,GBM,31,1.0
2,expression,250,0.1,250,tcga_heldout,HNSC,104,0.9230769230769231
2,expression,250,0.1,250,tcga_heldout,KIRC,107,0.9813084112149533
2,expression,250,0.1,250,tcga_heldout,LUAD,103,0.970873786407767
2,expression,250,0.1,250,tcga_heldout,LUSC,100,0.92
2,expression,250,0.1,250,tcga_heldout,OV,84,0.9761904761904762
2,expression,250,0.1,250,tcga_heldout,PAAD,36,0.9722222222222222
2,expression,250,0.1,250,tcga_heldout,PRAD,100,1.0
2,expression,250,0.1,250,tcga_heldout,SKCM,21,1.0
2,expression,250,0.1,250,tcga_heldout,STAD,82,1.0
2,expression,250,0.1,250,tcga_heldout,UCEC,109,0.981651376146789
2,expression,250,0.1,250,cptac,BRCA,132,0.9848484848484849
2,expression,250,0.1,250,cptac,CRC,106,1.0
2,expression,250,0.1,250,cptac,GBM,193,1.0
2,expression,250,0.1,250,cptac,HNSC,110,0.8909090909090909
2,expression,250,0.1,250,cptac,KIRC,223,0.9955156950672646
2,expression,250,0.1,250,cptac,LUAD,228,0.9780701754385965
2,expression,250,0.1,250,cptac,LUSC,109,0.8623853211009175
2,expression,250,0.1,250,cptac,OV,101,0.7623762376237624
2,expression,250,0.1,250,cptac,PAAD,161,0.9813664596273292
2,expression,250,0.1,250,cptac,SKCM,162,0.9320987654320988
2,expression,250,0.1,250,cptac,STAD,151,0.32450331125827814
2,expression,250,0.1,250,cptac,UCEC,240,0.9875
2,expression,250,0.1,250,met500,BRCA,92,0.9130434782608695
2,expression,250,0.1,250,met500,CRC,11,0.7272727272727273
2,expression,250,0.1,250,met500,GBM,5,1.0
2,expression,250,0.1,250,met500,HNSC,24,0.5416666666666666
2,expression,250,0.1,250,met500,OV,13,0.38461538461538464
2,expression,250,0.1,250,met500,PAAD,14,0.6428571428571429
2,expression,250,0.1,250,met500,PRAD,91,0.8131868131868132
2,expression,250,0.1,250,met500,SKCM,13,0.6923076923076923
2,expression,250,0.1,250,met500,STAD,8,0.125
2,expression,50,1.0,50,tcga_heldout,BRCA,219,0.9908675799086758
2,expression,50,1.0,50,tcga_heldout,CRC,125,0.944
2,expression,50,1.0,50,tcga_heldout,GBM,31,1.0
2,expression,50,1.0,50,tcga_heldout,HNSC,104,0.875
2,expression,50,1.0,50,tcga_heldout,KIRC,107,0.9906542056074766
2,expression,50,1.0,50,tcga_heldout,LUAD,103,0.9223300970873787
2,expression,50,1.0,50,tcga_heldout,LUSC,100,0.86
2,expression,50,1.0,50,tcga_heldout,OV,84,0.9761904761904762
2,expression,50,1.0,50,tcga_heldout,PAAD,36,0.9166666666666666
2,expression,50,1.0,50,tcga_heldout,PRAD,100,1.0
2,expression,50,1.0,50,tcga_heldout,SKCM,21,0.9523809523809523
2,expression,50,1.0,50,tcga_heldout,STAD,82,0.8780487804878049
2,expression,50,1.0,50,tcga_heldout,UCEC,109,0.963302752293578
2,expression,50,1.0,50,cptac,BRCA,132,0.9772727272727273
2,expression,50,1.0,50,cptac,CRC,106,0.9905660377358491
2,expression,50,1.0,50,cptac,GBM,193,1.0
2,expression,50,1.0,50,cptac,HNSC,110,0.6272727272727273
2,expression,50,1.0,50,cptac,KIRC,223,0.9955156950672646
2,expression,50,1.0,50,cptac,LUAD,228,0.8991228070175439
2,expression,50,1.0,50,cptac,LUSC,109,0.9174311926605505
2,expression,50,1.0,50,cptac,OV,101,0.7821782178217822
2,expression,50,1.0,50,cptac,PAAD,161,0.9751552795031055
2,expression,50,1.0,50,cptac,SKCM,162,0.9197530864197531
2,expression,50,1.0,50,cptac,STAD,151,0.1986754966887417
2,expression,50,1.0,50,cptac,UCEC,240,0.975
2,expression,50,1.0,50,met500,BRCA,92,0.8695652173913043
2,expression,50,1.0,50,met500,CRC,11,0.45454545454545453
2,expression,50,1.0,50,met500,GBM,5,1.0
2,expression,50,1.0,50,met500,HNSC,24,0.4583333333333333
2,expression,50,1.0,50,met500,OV,13,0.5384615384615384
2,expression,50,1.0,50,met500,PAAD,14,0.42857142857142855
2,expression,50,1.0,50,met500,PRAD,91,0.7582417582417582
2,expression,50,1.0,50,met500,SKCM,13,0.6153846153846154
2,expression,50,1.0,50,met500,STAD,8,0.25
2,expression,500,1.0,500,tcga_heldout,BRCA,219,1.0
2,expression,500,1.0,500,tcga_heldout,CRC,125,0.976
2,expression,500,1.0,500,tcga_heldout,GBM,31,1.0
2,expression,500,1.0,500,tcga_heldout,HNSC,104,0.9711538461538461
2,expression,500,1.0,500,tcga_heldout,KIRC,107,0.9906542056074766
2,expression,500,1.0,500,tcga_heldout,LUAD,103,0.9514563106796117
2,expression,500,1.0,500,tcga_heldout,LUSC,100,0.9
2,expression,500,1.0,500,tcga_heldout,OV,84,1.0
2,expression,500,1.0,500,tcga_heldout,PAAD,36,0.9722222222222222
2,expression,500,1.0,500,tcga_heldout,PRAD,100,1.0
2,expression,500,1.0,500,tcga_heldout,SKCM,21,1.0
2,expression,500,1.0,500,tcga_heldout,STAD,82,1.0
2,expression,500,1.0,500,tcga_heldout,UCEC,109,0.9908256880733946
2,expression,500,1.0,500,cptac,BRCA,132,0.9848484848484849
2,expression,500,1.0,500,cptac,CRC,106,1.0
2,expression,500,1.0,500,cptac,GBM,193,1.0
2,expression,500,1.0,500,cptac,HNSC,110,0.8818181818181818
2,expression,500,1.0,500,cptac,KIRC,223,0.9955156950672646
2,expression,500,1.0,500,cptac,LUAD,228,0.9868421052631579
2,expression,500,1.0,500,cptac,LUSC,109,0.8807339449541285
2,expression,500,1.0,500,cptac,OV,101,0.6732673267326733
2,expression,500,1.0,500,cptac,PAAD,161,0.9316770186335404
2,expression,500,1.0,500,cptac,SKCM,162,0.9320987654320988
2,expression,500,1.0,500,cptac,STAD,151,0.26490066225165565
2,expression,500,1.0,500,cptac,UCEC,240,0.9875
2,expression,500,1.0,500,met500,BRCA,92,0.9239130434782609
2,expression,500,1.0,500,met500,CRC,11,0.7272727272727273
2,expression,500,1.0,500,met500,GBM,5,1.0
2,expression,500,1.0,500,met500,HNSC,24,0.5833333333333334
2,expression,500,1.0,500,met500,OV,13,0.5384615384615384
2,expression,500,1.0,500,met500,PAAD,14,0.5
2,expression,500,1.0,500,met500,PRAD,91,0.8241758241758241
2,expression,500,1.0,500,met500,SKCM,13,0.6923076923076923
2,expression,500,1.0,500,met500,STAD,8,0.375
2,expression,all,0.01,13178,tcga_heldout,BRCA,219,1.0
2,expression,all,0.01,13178,tcga_heldout,CRC,125,0.984
2,expression,all,0.01,13178,tcga_heldout,GBM,31,1.0
2,expression,all,0.01,13178,tcga_heldout,HNSC,104,0.9903846153846154
2,expression,all,0.01,13178,tcga_heldout,KIRC,107,0.9906542056074766
2,expression,all,0.01,13178,tcga_heldout,LUAD,103,0.970873786407767
2,expression,all,0.01,13178,tcga_heldout,LUSC,100,0.94
2,expression,all,0.01,13178,tcga_heldout,OV,84,1.0
2,expression,all,0.01,13178,tcga_heldout,PAAD,36,0.9722222222222222
2,expression,all,0.01,13178,tcga_heldout,PRAD,100,1.0
2,expression,all,0.01,13178,tcga_heldout,SKCM,21,1.0
2,expression,all,0.01,13178,tcga_heldout,STAD,82,1.0
2,expression,all,0.01,13178,tcga_heldout,UCEC,109,0.9908256880733946
2,expression,all,0.01,13178,cptac,BRCA,132,0.9848484848484849
2,expression,all,0.01,13178,cptac,CRC,106,0.9905660377358491
2,expression,all,0.01,13178,cptac,GBM,193,1.0
2,expression,all,0.01,13178,cptac,HNSC,110,0.9090909090909091
2,expression,all,0.01,13178,cptac,KIRC,223,0.9955156950672646
2,expression,all,0.01,13178,cptac,LUAD,228,0.9912280701754386
2,expression,all,0.01,13178,cptac,LUSC,109,0.6972477064220184
2,expression,all,0.01,13178,cptac,OV,101,0.6138613861386139
2,expression,all,0.01,13178,cptac,PAAD,161,0.9813664596273292
2,expression,all,0.01,13178,cptac,SKCM,162,0.8580246913580247
2,expression,all,0.01,13178,cptac,STAD,151,0.052980132450331126
2,expression,all,0.01,13178,cptac,UCEC,240,0.9958333333333333
2,expression,all,0.01,13178,met500,BRCA,92,0.7934782608695652
2,expression,all,0.01,13178,met500,CRC,11,0.7272727272727273
2,expression,all,0.01,13178,met500,GBM,5,1.0
2,expression,all,0.01,13178,met500,HNSC,24,0.25
2,expression,all,0.01,13178,met500,OV,13,0.6153846153846154
2,expression,all,0.01,13178,met500,PAAD,14,0.5
2,expression,all,0.01,13178,met500,PRAD,91,0.6923076923076923
2,expression,all,0.01,13178,met500,SKCM,13,0.7692307692307693
2,expression,all,0.01,13178,met500,STAD,8,0.25
2,pairs,10,1.0,10,tcga_heldout,BRCA,219,0.863013698630137
2,pairs,10,1.0,10,tcga_heldout,CRC,125,0.872
2,pairs,10,1.0,10,tcga_heldout,GBM,31,1.0
2,pairs,10,1.0,10,tcga_heldout,HNSC,104,0.7596153846153846
2,pairs,10,1.0,10,tcga_heldout,KIRC,107,0.9719626168224299
2,pairs,10,1.0,10,tcga_heldout,LUAD,103,0.4854368932038835
2,pairs,10,1.0,10,tcga_heldout,LUSC,100,0.38
2,pairs,10,1.0,10,tcga_heldout,OV,84,0.8571428571428571
2,pairs,10,1.0,10,tcga_heldout,PAAD,36,0.75
2,pairs,10,1.0,10,tcga_heldout,PRAD,100,1.0
2,pairs,10,1.0,10,tcga_heldout,SKCM,21,0.7142857142857143
2,pairs,10,1.0,10,tcga_heldout,STAD,82,0.25609756097560976
2,pairs,10,1.0,10,tcga_heldout,UCEC,109,0.7522935779816514
2,pairs,10,1.0,10,cptac,BRCA,132,0.6818181818181818
2,pairs,10,1.0,10,cptac,CRC,106,0.9150943396226415
2,pairs,10,1.0,10,cptac,GBM,193,0.8756476683937824
2,pairs,10,1.0,10,cptac,HNSC,110,0.4090909090909091
2,pairs,10,1.0,10,cptac,KIRC,223,0.905829596412556
2,pairs,10,1.0,10,cptac,LUAD,228,0.3991228070175439
2,pairs,10,1.0,10,cptac,LUSC,109,0.7431192660550459
2,pairs,10,1.0,10,cptac,OV,101,0.8910891089108911
2,pairs,10,1.0,10,cptac,PAAD,161,0.11801242236024845
2,pairs,10,1.0,10,cptac,SKCM,162,0.6666666666666666
2,pairs,10,1.0,10,cptac,STAD,151,0.11920529801324503
2,pairs,10,1.0,10,cptac,UCEC,240,0.7416666666666667
2,pairs,10,1.0,10,met500,BRCA,92,0.5434782608695652
2,pairs,10,1.0,10,met500,CRC,11,0.5454545454545454
2,pairs,10,1.0,10,met500,GBM,5,0.4
2,pairs,10,1.0,10,met500,HNSC,24,0.7083333333333334
2,pairs,10,1.0,10,met500,OV,13,0.46153846153846156
2,pairs,10,1.0,10,met500,PAAD,14,0.2857142857142857
2,pairs,10,1.0,10,met500,PRAD,91,0.7692307692307693
2,pairs,10,1.0,10,met500,SKCM,13,0.46153846153846156
2,pairs,10,1.0,10,met500,STAD,8,0.0
2,pairs,100,0.1,100,tcga_heldout,BRCA,219,0.9954337899543378
2,pairs,100,0.1,100,tcga_heldout,CRC,125,0.96
2,pairs,100,0.1,100,tcga_heldout,GBM,31,1.0
2,pairs,100,0.1,100,tcga_heldout,HNSC,104,0.9326923076923077
2,pairs,100,0.1,100,tcga_heldout,KIRC,107,0.9813084112149533
2,pairs,100,0.1,100,tcga_heldout,LUAD,103,0.970873786407767
2,pairs,100,0.1,100,tcga_heldout,LUSC,100,0.86
2,pairs,100,0.1,100,tcga_heldout,OV,84,0.9761904761904762
2,pairs,100,0.1,100,tcga_heldout,PAAD,36,0.9444444444444444
2,pairs,100,0.1,100,tcga_heldout,PRAD,100,1.0
2,pairs,100,0.1,100,tcga_heldout,SKCM,21,1.0
2,pairs,100,0.1,100,tcga_heldout,STAD,82,0.975609756097561
2,pairs,100,0.1,100,tcga_heldout,UCEC,109,0.9724770642201835
2,pairs,100,0.1,100,cptac,BRCA,132,0.9848484848484849
2,pairs,100,0.1,100,cptac,CRC,106,1.0
2,pairs,100,0.1,100,cptac,GBM,193,0.9896373056994818
2,pairs,100,0.1,100,cptac,HNSC,110,0.9090909090909091
2,pairs,100,0.1,100,cptac,KIRC,223,0.9955156950672646
2,pairs,100,0.1,100,cptac,LUAD,228,0.9298245614035088
2,pairs,100,0.1,100,cptac,LUSC,109,0.9357798165137615
2,pairs,100,0.1,100,cptac,OV,101,0.8910891089108911
2,pairs,100,0.1,100,cptac,PAAD,161,0.9751552795031055
2,pairs,100,0.1,100,cptac,SKCM,162,0.9691358024691358
2,pairs,100,0.1,100,cptac,STAD,151,0.3708609271523179
2,pairs,100,0.1,100,cptac,UCEC,240,1.0
2,pairs,100,0.1,100,met500,BRCA,92,0.9239130434782609
2,pairs,100,0.1,100,met500,CRC,11,0.7272727272727273
2,pairs,100,0.1,100,met500,GBM,5,1.0
2,pairs,100,0.1,100,met500,HNSC,24,0.5
2,pairs,100,0.1,100,met500,OV,13,0.8461538461538461
2,pairs,100,0.1,100,met500,PAAD,14,0.5
2,pairs,100,0.1,100,met500,PRAD,91,0.8681318681318682
2,pairs,100,0.1,100,met500,SKCM,13,0.6153846153846154
2,pairs,100,0.1,100,met500,STAD,8,0.25
2,pairs,150,0.1,150,tcga_heldout,BRCA,219,0.9954337899543378
2,pairs,150,0.1,150,tcga_heldout,CRC,125,0.968
2,pairs,150,0.1,150,tcga_heldout,GBM,31,1.0
2,pairs,150,0.1,150,tcga_heldout,HNSC,104,0.9326923076923077
2,pairs,150,0.1,150,tcga_heldout,KIRC,107,0.9719626168224299
2,pairs,150,0.1,150,tcga_heldout,LUAD,103,0.9611650485436893
2,pairs,150,0.1,150,tcga_heldout,LUSC,100,0.91
2,pairs,150,0.1,150,tcga_heldout,OV,84,0.9761904761904762
2,pairs,150,0.1,150,tcga_heldout,PAAD,36,0.9444444444444444
2,pairs,150,0.1,150,tcga_heldout,PRAD,100,1.0
2,pairs,150,0.1,150,tcga_heldout,SKCM,21,1.0
2,pairs,150,0.1,150,tcga_heldout,STAD,82,0.975609756097561
2,pairs,150,0.1,150,tcga_heldout,UCEC,109,0.9724770642201835
2,pairs,150,0.1,150,cptac,BRCA,132,0.9848484848484849
2,pairs,150,0.1,150,cptac,CRC,106,1.0
2,pairs,150,0.1,150,cptac,GBM,193,0.9948186528497409
2,pairs,150,0.1,150,cptac,HNSC,110,0.8818181818181818
2,pairs,150,0.1,150,cptac,KIRC,223,0.9955156950672646
2,pairs,150,0.1,150,cptac,LUAD,228,0.9736842105263158
2,pairs,150,0.1,150,cptac,LUSC,109,0.9174311926605505
2,pairs,150,0.1,150,cptac,OV,101,0.7227722772277227
2,pairs,150,0.1,150,cptac,PAAD,161,0.968944099378882
2,pairs,150,0.1,150,cptac,SKCM,162,0.9629629629629629
2,pairs,150,0.1,150,cptac,STAD,151,0.31125827814569534
2,pairs,150,0.1,150,cptac,UCEC,240,1.0
2,pairs,150,0.1,150,met500,BRCA,92,0.9456521739130435
2,pairs,150,0.1,150,met500,CRC,11,0.8181818181818182
2,pairs,150,0.1,150,met500,GBM,5,1.0
2,pairs,150,0.1,150,met500,HNSC,24,0.4583333333333333
2,pairs,150,0.1,150,met500,OV,13,0.38461538461538464
2,pairs,150,0.1,150,met500,PAAD,14,0.6428571428571429
2,pairs,150,0.1,150,met500,PRAD,91,0.8681318681318682
2,pairs,150,0.1,150,met500,SKCM,13,0.7692307692307693
2,pairs,150,0.1,150,met500,STAD,8,0.25
2,pairs,20,0.1,20,tcga_heldout,BRCA,219,0.9908675799086758
2,pairs,20,0.1,20,tcga_heldout,CRC,125,0.952
2,pairs,20,0.1,20,tcga_heldout,GBM,31,1.0
2,pairs,20,0.1,20,tcga_heldout,HNSC,104,0.8173076923076923
2,pairs,20,0.1,20,tcga_heldout,KIRC,107,0.9813084112149533
2,pairs,20,0.1,20,tcga_heldout,LUAD,103,0.7766990291262136
2,pairs,20,0.1,20,tcga_heldout,LUSC,100,0.82
2,pairs,20,0.1,20,tcga_heldout,OV,84,0.9166666666666666
2,pairs,20,0.1,20,tcga_heldout,PAAD,36,0.6944444444444444
2,pairs,20,0.1,20,tcga_heldout,PRAD,100,1.0
2,pairs,20,0.1,20,tcga_heldout,SKCM,21,0.9047619047619048
2,pairs,20,0.1,20,tcga_heldout,STAD,82,0.6829268292682927
2,pairs,20,0.1,20,tcga_heldout,UCEC,109,0.9174311926605505
2,pairs,20,0.1,20,cptac,BRCA,132,0.9696969696969697
2,pairs,20,0.1,20,cptac,CRC,106,0.9811320754716981
2,pairs,20,0.1,20,cptac,GBM,193,0.9948186528497409
2,pairs,20,0.1,20,cptac,HNSC,110,0.7272727272727273
2,pairs,20,0.1,20,cptac,KIRC,223,0.9955156950672646
2,pairs,20,0.1,20,cptac,LUAD,228,0.8026315789473685
2,pairs,20,0.1,20,cptac,LUSC,109,0.9174311926605505
2,pairs,20,0.1,20,cptac,OV,101,0.8910891089108911
2,pairs,20,0.1,20,cptac,PAAD,161,0.20496894409937888
2,pairs,20,0.1,20,cptac,SKCM,162,0.8888888888888888
2,pairs,20,0.1,20,cptac,STAD,151,0.7417218543046358
2,pairs,20,0.1,20,cptac,UCEC,240,0.9083333333333333
2,pairs,20,0.1,20,met500,BRCA,92,0.7934782608695652
2,pairs,20,0.1,20,met500,CRC,11,0.7272727272727273
2,pairs,20,0.1,20,met500,GBM,5,1.0
2,pairs,20,0.1,20,met500,HNSC,24,0.6666666666666666
2,pairs,20,0.1,20,met500,OV,13,0.6153846153846154
2,pairs,20,0.1,20,met500,PAAD,14,0.21428571428571427
2,pairs,20,0.1,20,met500,PRAD,91,0.8351648351648352
2,pairs,20,0.1,20,met500,SKCM,13,0.5384615384615384
2,pairs,20,0.1,20,met500,STAD,8,0.25
2,pairs,50,0.1,50,tcga_heldout,BRCA,219,0.9954337899543378
2,pairs,50,0.1,50,tcga_heldout,CRC,125,0.96
2,pairs,50,0.1,50,tcga_heldout,GBM,31,1.0
2,pairs,50,0.1,50,tcga_heldout,HNSC,104,0.8846153846153846
2,pairs,50,0.1,50,tcga_heldout,KIRC,107,0.9813084112149533
2,pairs,50,0.1,50,tcga_heldout,LUAD,103,0.9514563106796117
2,pairs,50,0.1,50,tcga_heldout,LUSC,100,0.83
2,pairs,50,0.1,50,tcga_heldout,OV,84,0.9761904761904762
2,pairs,50,0.1,50,tcga_heldout,PAAD,36,0.9444444444444444
2,pairs,50,0.1,50,tcga_heldout,PRAD,100,1.0
2,pairs,50,0.1,50,tcga_heldout,SKCM,21,1.0
2,pairs,50,0.1,50,tcga_heldout,STAD,82,0.8780487804878049
2,pairs,50,0.1,50,tcga_heldout,UCEC,109,0.9541284403669725
2,pairs,50,0.1,50,cptac,BRCA,132,0.9848484848484849
2,pairs,50,0.1,50,cptac,CRC,106,0.9811320754716981
2,pairs,50,0.1,50,cptac,GBM,193,1.0
2,pairs,50,0.1,50,cptac,HNSC,110,0.7272727272727273
2,pairs,50,0.1,50,cptac,KIRC,223,0.9955156950672646
2,pairs,50,0.1,50,cptac,LUAD,228,0.9166666666666666
2,pairs,50,0.1,50,cptac,LUSC,109,0.908256880733945
2,pairs,50,0.1,50,cptac,OV,101,0.9108910891089109
2,pairs,50,0.1,50,cptac,PAAD,161,0.9006211180124224
2,pairs,50,0.1,50,cptac,SKCM,162,0.9691358024691358
2,pairs,50,0.1,50,cptac,STAD,151,0.48344370860927155
2,pairs,50,0.1,50,cptac,UCEC,240,0.975
2,pairs,50,0.1,50,met500,BRCA,92,0.9021739130434783
2,pairs,50,0.1,50,met500,CRC,11,0.5454545454545454
2,pairs,50,0.1,50,met500,GBM,5,1.0
2,pairs,50,0.1,50,met500,HNSC,24,0.4583333333333333
2,pairs,50,0.1,50,met500,OV,13,0.6923076923076923
2,pairs,50,0.1,50,met500,PAAD,14,0.5
2,pairs,50,0.1,50,met500,PRAD,91,0.8681318681318682
2,pairs,50,0.1,50,met500,SKCM,13,0.6153846153846154
2,pairs,50,0.1,50,met500,STAD,8,0.25
3,expression,10,1.0,10,tcga_heldout,BRCA,219,0.863013698630137
3,expression,10,1.0,10,tcga_heldout,CRC,125,0.896
3,expression,10,1.0,10,tcga_heldout,GBM,31,1.0
3,expression,10,1.0,10,tcga_heldout,HNSC,104,0.7692307692307693
3,expression,10,1.0,10,tcga_heldout,KIRC,107,0.9719626168224299
3,expression,10,1.0,10,tcga_heldout,LUAD,103,0.5145631067961165
3,expression,10,1.0,10,tcga_heldout,LUSC,100,0.56
3,expression,10,1.0,10,tcga_heldout,OV,84,0.8809523809523809
3,expression,10,1.0,10,tcga_heldout,PAAD,36,0.6944444444444444
3,expression,10,1.0,10,tcga_heldout,PRAD,100,1.0
3,expression,10,1.0,10,tcga_heldout,SKCM,21,0.9523809523809523
3,expression,10,1.0,10,tcga_heldout,STAD,82,0.5121951219512195
3,expression,10,1.0,10,tcga_heldout,UCEC,109,0.8256880733944955
3,expression,10,1.0,10,cptac,BRCA,132,0.7727272727272727
3,expression,10,1.0,10,cptac,CRC,106,0.8679245283018868
3,expression,10,1.0,10,cptac,GBM,193,0.9637305699481865
3,expression,10,1.0,10,cptac,HNSC,110,0.3
3,expression,10,1.0,10,cptac,KIRC,223,0.9820627802690582
3,expression,10,1.0,10,cptac,LUAD,228,0.42543859649122806
3,expression,10,1.0,10,cptac,LUSC,109,0.9357798165137615
3,expression,10,1.0,10,cptac,OV,101,0.900990099009901
3,expression,10,1.0,10,cptac,PAAD,161,0.13043478260869565
3,expression,10,1.0,10,cptac,SKCM,162,0.8333333333333334
3,expression,10,1.0,10,cptac,STAD,151,0.1456953642384106
3,expression,10,1.0,10,cptac,UCEC,240,0.9333333333333333
3,expression,10,1.0,10,met500,BRCA,92,0.6521739130434783
3,expression,10,1.0,10,met500,CRC,11,0.45454545454545453
3,expression,10,1.0,10,met500,GBM,5,0.6
3,expression,10,1.0,10,met500,HNSC,24,0.75
3,expression,10,1.0,10,met500,OV,13,0.6153846153846154
3,expression,10,1.0,10,met500,PAAD,14,0.35714285714285715
3,expression,10,1.0,10,met500,PRAD,91,0.6923076923076923
3,expression,10,1.0,10,met500,SKCM,13,0.6923076923076923
3,expression,10,1.0,10,met500,STAD,8,0.0
3,expression,100,0.1,100,tcga_heldout,BRCA,219,0.9954337899543378
3,expression,100,0.1,100,tcga_heldout,CRC,125,0.992
3,expression,100,0.1,100,tcga_heldout,GBM,31,1.0
3,expression,100,0.1,100,tcga_heldout,HNSC,104,0.8846153846153846
3,expression,100,0.1,100,tcga_heldout,KIRC,107,0.9813084112149533
3,expression,100,0.1,100,tcga_heldout,LUAD,103,0.9514563106796117
3,expression,100,0.1,100,tcga_heldout,LUSC,100,0.85
3,expression,100,0.1,100,tcga_heldout,OV,84,0.9761904761904762
3,expression,100,0.1,100,tcga_heldout,PAAD,36,0.9444444444444444
3,expression,100,0.1,100,tcga_heldout,PRAD,100,1.0
3,expression,100,0.1,100,tcga_heldout,SKCM,21,1.0
3,expression,100,0.1,100,tcga_heldout,STAD,82,0.9390243902439024
3,expression,100,0.1,100,tcga_heldout,UCEC,109,0.926605504587156
3,expression,100,0.1,100,cptac,BRCA,132,0.9848484848484849
3,expression,100,0.1,100,cptac,CRC,106,1.0
3,expression,100,0.1,100,cptac,GBM,193,1.0
3,expression,100,0.1,100,cptac,HNSC,110,0.8454545454545455
3,expression,100,0.1,100,cptac,KIRC,223,0.9955156950672646
3,expression,100,0.1,100,cptac,LUAD,228,0.9166666666666666
3,expression,100,0.1,100,cptac,LUSC,109,0.9357798165137615
3,expression,100,0.1,100,cptac,OV,101,0.8712871287128713
3,expression,100,0.1,100,cptac,PAAD,161,0.9875776397515528
3,expression,100,0.1,100,cptac,SKCM,162,0.9382716049382716
3,expression,100,0.1,100,cptac,STAD,151,0.2582781456953642
3,expression,100,0.1,100,cptac,UCEC,240,0.9875
3,expression,100,0.1,100,met500,BRCA,92,0.9130434782608695
3,expression,100,0.1,100,met500,CRC,11,0.7272727272727273
3,expression,100,0.1,100,met500,GBM,5,1.0
3,expression,100,0.1,100,met500,HNSC,24,0.5833333333333334
3,expression,100,0.1,100,met500,OV,13,0.5384615384615384
3,expression,100,0.1,100,met500,PAAD,14,0.6428571428571429
3,expression,100,0.1,100,met500,PRAD,91,0.8681318681318682
3,expression,100,0.1,100,met500,SKCM,13,0.6153846153846154
3,expression,100,0.1,100,met500,STAD,8,0.25
3,expression,150,0.1,150,tcga_heldout,BRCA,219,0.9954337899543378
3,expression,150,0.1,150,tcga_heldout,CRC,125,0.992
3,expression,150,0.1,150,tcga_heldout,GBM,31,1.0
3,expression,150,0.1,150,tcga_heldout,HNSC,104,0.9230769230769231
3,expression,150,0.1,150,tcga_heldout,KIRC,107,0.9906542056074766
3,expression,150,0.1,150,tcga_heldout,LUAD,103,0.970873786407767
3,expression,150,0.1,150,tcga_heldout,LUSC,100,0.86
3,expression,150,0.1,150,tcga_heldout,OV,84,0.9880952380952381
3,expression,150,0.1,150,tcga_heldout,PAAD,36,0.9722222222222222
3,expression,150,0.1,150,tcga_heldout,PRAD,100,1.0
3,expression,150,0.1,150,tcga_heldout,SKCM,21,1.0
3,expression,150,0.1,150,tcga_heldout,STAD,82,0.9634146341463414
3,expression,150,0.1,150,tcga_heldout,UCEC,109,0.963302752293578
3,expression,150,0.1,150,cptac,BRCA,132,0.9848484848484849
3,expression,150,0.1,150,cptac,CRC,106,1.0
3,expression,150,0.1,150,cptac,GBM,193,1.0
3,expression,150,0.1,150,cptac,HNSC,110,0.8545454545454545
3,expression,150,0.1,150,cptac,KIRC,223,0.9955156950672646
3,expression,150,0.1,150,cptac,LUAD,228,0.9649122807017544
3,expression,150,0.1,150,cptac,LUSC,109,0.944954128440367
3,expression,150,0.1,150,cptac,OV,101,0.5841584158415841
3,expression,150,0.1,150,cptac,PAAD,161,0.968944099378882
3,expression,150,0.1,150,cptac,SKCM,162,0.9382716049382716
3,expression,150,0.1,150,cptac,STAD,151,0.271523178807947
3,expression,150,0.1,150,cptac,UCEC,240,0.9958333333333333
3,expression,150,0.1,150,met500,BRCA,92,0.9347826086956522
3,expression,150,0.1,150,met500,CRC,11,0.7272727272727273
3,expression,150,0.1,150,met500,GBM,5,1.0
3,expression,150,0.1,150,met500,HNSC,24,0.4166666666666667
3,expression,150,0.1,150,met500,OV,13,0.23076923076923078
3,expression,150,0.1,150,met500,PAAD,14,0.7857142857142857
3,expression,150,0.1,150,met500,PRAD,91,0.8351648351648352
3,expression,150,0.1,150,met500,SKCM,13,0.6153846153846154
3,expression,150,0.1,150,met500,STAD,8,0.125
3,expression,20,1.0,20,tcga_heldout,BRCA,219,0.9908675799086758
3,expression,20,1.0,20,tcga_heldout,CRC,125,0.944
3,expression,20,1.0,20,tcga_heldout,GBM,31,1.0
3,expression,20,1.0,20,tcga_heldout,HNSC,104,0.8846153846153846
3,expression,20,1.0,20,tcga_heldout,KIRC,107,0.9813084112149533
3,expression,20,1.0,20,tcga_heldout,LUAD,103,0.8058252427184466
3,expression,20,1.0,20,tcga_heldout,LUSC,100,0.71
3,expression,20,1.0,20,tcga_heldout,OV,84,0.9404761904761905
3,expression,20,1.0,20,tcga_heldout,PAAD,36,0.8611111111111112
3,expression,20,1.0,20,tcga_heldout,PRAD,100,1.0
3,expression,20,1.0,20,tcga_heldout,SKCM,21,0.9523809523809523
3,expression,20,1.0,20,tcga_heldout,STAD,82,0.7560975609756098
3,expression,20,1.0,20,tcga_heldout,UCEC,109,0.9357798165137615
3,expression,20,1.0,20,cptac,BRCA,132,0.9393939393939394
3,expression,20,1.0,20,cptac,CRC,106,0.9622641509433962
3,expression,20,1.0,20,cptac,GBM,193,0.9948186528497409
3,expression,20,1.0,20,cptac,HNSC,110,0.7818181818181819
3,expression,20,1.0,20,cptac,KIRC,223,0.9955156950672646
3,expression,20,1.0,20,cptac,LUAD,228,0.631578947368421
3,expression,20,1.0,20,cptac,LUSC,109,0.8899082568807339
3,expression,20,1.0,20,cptac,OV,101,0.8712871287128713
3,expression,20,1.0,20,cptac,PAAD,161,0.2484472049689441
3,expression,20,1.0,20,cptac,SKCM,162,0.8950617283950617
3,expression,20,1.0,20,cptac,STAD,151,0.7814569536423841
3,expression,20,1.0,20,cptac,UCEC,240,0.925
3,expression,20,1.0,20,met500,BRCA,92,0.8152173913043478
3,expression,20,1.0,20,met500,CRC,11,0.2727272727272727
3,expression,20,1.0,20,met500,GBM,5,1.0
3,expression,20,1.0,20,met500,HNSC,24,0.625
3,expression,20,1.0,20,met500,OV,13,0.6923076923076923
3,expression,20,1.0,20,met500,PAAD,14,0.5
3,expression,20,1.0,20,met500,PRAD,91,0.7582417582417582
3,expression,20,1.0,20,met500,SKCM,13,0.46153846153846156
3,expression,20,1.0,20,met500,STAD,8,0.25
3,expression,250,0.1,250,tcga_heldout,BRCA,219,0.9954337899543378
3,expression,250,0.1,250,tcga_heldout,CRC,125,1.0
3,expression,250,0.1,250,tcga_heldout,GBM,31,1.0
3,expression,250,0.1,250,tcga_heldout,HNSC,104,0.9326923076923077
3,expression,250,0.1,250,tcga_heldout,KIRC,107,0.9906542056074766
3,expression,250,0.1,250,tcga_heldout,LUAD,103,0.9611650485436893
3,expression,250,0.1,250,tcga_heldout,LUSC,100,0.9
3,expression,250,0.1,250,tcga_heldout,OV,84,0.9880952380952381
3,expression,250,0.1,250,tcga_heldout,PAAD,36,1.0
3,expression,250,0.1,250,tcga_heldout,PRAD,100,1.0
3,expression,250,0.1,250,tcga_heldout,SKCM,21,1.0
3,expression,250,0.1,250,tcga_heldout,STAD,82,0.9878048780487805
3,expression,250,0.1,250,tcga_heldout,UCEC,109,0.926605504587156
3,expression,250,0.1,250,cptac,BRCA,132,0.9848484848484849
3,expression,250,0.1,250,cptac,CRC,106,1.0
3,expression,250,0.1,250,cptac,GBM,193,1.0
3,expression,250,0.1,250,cptac,HNSC,110,0.8818181818181818
3,expression,250,0.1,250,cptac,KIRC,223,0.9955156950672646
3,expression,250,0.1,250,cptac,LUAD,228,0.9692982456140351
3,expression,250,0.1,250,cptac,LUSC,109,0.8715596330275229
3,expression,250,0.1,250,cptac,OV,101,0.8712871287128713
3,expression,250,0.1,250,cptac,PAAD,161,0.9813664596273292
3,expression,250,0.1,250,cptac,SKCM,162,0.9444444444444444
3,expression,250,0.1,250,cptac,STAD,151,0.17880794701986755
3,expression,250,0.1,250,cptac,UCEC,240,0.9958333333333333
3,expression,250,0.1,250,met500,BRCA,92,0.9021739130434783
3,expression,250,0.1,250,met500,CRC,11,0.8181818181818182
3,expression,250,0.1,250,met500,GBM,5,1.0
3,expression,250,0.1,250,met500,HNSC,24,0.4583333333333333
3,expression,250,0.1,250,met500,OV,13,0.46153846153846156
3,expression,250,0.1,250,met500,PAAD,14,0.7142857142857143
3,expression,250,0.1,250,met500,PRAD,91,0.7802197802197802
3,expression,250,0.1,250,met500,SKCM,13,0.6923076923076923
3,expression,250,0.1,250,met500,STAD,8,0.125
3,expression,50,1.0,50,tcga_heldout,BRCA,219,0.9908675799086758
3,expression,50,1.0,50,tcga_heldout,CRC,125,0.96
3,expression,50,1.0,50,tcga_heldout,GBM,31,1.0
3,expression,50,1.0,50,tcga_heldout,HNSC,104,0.9038461538461539
3,expression,50,1.0,50,tcga_heldout,KIRC,107,0.9906542056074766
3,expression,50,1.0,50,tcga_heldout,LUAD,103,0.9029126213592233
3,expression,50,1.0,50,tcga_heldout,LUSC,100,0.74
3,expression,50,1.0,50,tcga_heldout,OV,84,0.9523809523809523
3,expression,50,1.0,50,tcga_heldout,PAAD,36,0.9166666666666666
3,expression,50,1.0,50,tcga_heldout,PRAD,100,1.0
3,expression,50,1.0,50,tcga_heldout,SKCM,21,0.9523809523809523
3,expression,50,1.0,50,tcga_heldout,STAD,82,0.9634146341463414
3,expression,50,1.0,50,tcga_heldout,UCEC,109,0.9357798165137615
3,expression,50,1.0,50,cptac,BRCA,132,0.9772727272727273
3,expression,50,1.0,50,cptac,CRC,106,0.9811320754716981
3,expression,50,1.0,50,cptac,GBM,193,1.0
3,expression,50,1.0,50,cptac,HNSC,110,0.6636363636363637
3,expression,50,1.0,50,cptac,KIRC,223,0.9955156950672646
3,expression,50,1.0,50,cptac,LUAD,228,0.8859649122807017
3,expression,50,1.0,50,cptac,LUSC,109,0.926605504587156
3,expression,50,1.0,50,cptac,OV,101,0.801980198019802
3,expression,50,1.0,50,cptac,PAAD,161,0.9751552795031055
3,expression,50,1.0,50,cptac,SKCM,162,0.9197530864197531
3,expression,50,1.0,50,cptac,STAD,151,0.15894039735099338
3,expression,50,1.0,50,cptac,UCEC,240,0.9916666666666667
3,expression,50,1.0,50,met500,BRCA,92,0.8478260869565217
3,expression,50,1.0,50,met500,CRC,11,0.45454545454545453
3,expression,50,1.0,50,met500,GBM,5,1.0
3,expression,50,1.0,50,met500,HNSC,24,0.4583333333333333
3,expression,50,1.0,50,met500,OV,13,0.46153846153846156
3,expression,50,1.0,50,met500,PAAD,14,0.5
3,expression,50,1.0,50,met500,PRAD,91,0.7802197802197802
3,expression,50,1.0,50,met500,SKCM,13,0.6153846153846154
3,expression,50,1.0,50,met500,STAD,8,0.125
3,expression,500,1.0,500,tcga_heldout,BRCA,219,0.9954337899543378
3,expression,500,1.0,500,tcga_heldout,CRC,125,1.0
3,expression,500,1.0,500,tcga_heldout,GBM,31,1.0
3,expression,500,1.0,500,tcga_heldout,HNSC,104,0.9519230769230769
3,expression,500,1.0,500,tcga_heldout,KIRC,107,0.9906542056074766
3,expression,500,1.0,500,tcga_heldout,LUAD,103,0.9611650485436893
3,expression,500,1.0,500,tcga_heldout,LUSC,100,0.91
3,expression,500,1.0,500,tcga_heldout,OV,84,1.0
3,expression,500,1.0,500,tcga_heldout,PAAD,36,0.9722222222222222
3,expression,500,1.0,500,tcga_heldout,PRAD,100,1.0
3,expression,500,1.0,500,tcga_heldout,SKCM,21,1.0
3,expression,500,1.0,500,tcga_heldout,STAD,82,1.0
3,expression,500,1.0,500,tcga_heldout,UCEC,109,0.9908256880733946
3,expression,500,1.0,500,cptac,BRCA,132,0.9848484848484849
3,expression,500,1.0,500,cptac,CRC,106,1.0
3,expression,500,1.0,500,cptac,GBM,193,1.0
3,expression,500,1.0,500,cptac,HNSC,110,0.9454545454545454
3,expression,500,1.0,500,cptac,KIRC,223,0.9955156950672646
3,expression,500,1.0,500,cptac,LUAD,228,0.9780701754385965
3,expression,500,1.0,500,cptac,LUSC,109,0.926605504587156
3,expression,500,1.0,500,cptac,OV,101,0.801980198019802
3,expression,500,1.0,500,cptac,PAAD,161,0.9565217391304348
3,expression,500,1.0,500,cptac,SKCM,162,0.9382716049382716
3,expression,500,1.0,500,cptac,STAD,151,0.18543046357615894
3,expression,500,1.0,500,cptac,UCEC,240,0.9958333333333333
3,expression,500,1.0,500,met500,BRCA,92,0.9347826086956522
3,expression,500,1.0,500,met500,CRC,11,0.7272727272727273
3,expression,500,1.0,500,met500,GBM,5,1.0
3,expression,500,1.0,500,met500,HNSC,24,0.5416666666666666
3,expression,500,1.0,500,met500,OV,13,0.6153846153846154
3,expression,500,1.0,500,met500,PAAD,14,0.5
3,expression,500,1.0,500,met500,PRAD,91,0.8351648351648352
3,expression,500,1.0,500,met500,SKCM,13,0.7692307692307693
3,expression,500,1.0,500,met500,STAD,8,0.25
3,expression,all,0.1,13179,tcga_heldout,BRCA,219,0.9954337899543378
3,expression,all,0.1,13179,tcga_heldout,CRC,125,0.992
3,expression,all,0.1,13179,tcga_heldout,GBM,31,1.0
3,expression,all,0.1,13179,tcga_heldout,HNSC,104,0.9807692307692307
3,expression,all,0.1,13179,tcga_heldout,KIRC,107,0.9906542056074766
3,expression,all,0.1,13179,tcga_heldout,LUAD,103,0.9805825242718447
3,expression,all,0.1,13179,tcga_heldout,LUSC,100,0.92
3,expression,all,0.1,13179,tcga_heldout,OV,84,1.0
3,expression,all,0.1,13179,tcga_heldout,PAAD,36,1.0
3,expression,all,0.1,13179,tcga_heldout,PRAD,100,1.0
3,expression,all,0.1,13179,tcga_heldout,SKCM,21,0.9523809523809523
3,expression,all,0.1,13179,tcga_heldout,STAD,82,1.0
3,expression,all,0.1,13179,tcga_heldout,UCEC,109,1.0
3,expression,all,0.1,13179,cptac,BRCA,132,0.9848484848484849
3,expression,all,0.1,13179,cptac,CRC,106,0.9811320754716981
3,expression,all,0.1,13179,cptac,GBM,193,1.0
3,expression,all,0.1,13179,cptac,HNSC,110,0.9636363636363636
3,expression,all,0.1,13179,cptac,KIRC,223,0.9955156950672646
3,expression,all,0.1,13179,cptac,LUAD,228,0.9956140350877193
3,expression,all,0.1,13179,cptac,LUSC,109,0.5137614678899083
3,expression,all,0.1,13179,cptac,OV,101,0.6732673267326733
3,expression,all,0.1,13179,cptac,PAAD,161,0.968944099378882
3,expression,all,0.1,13179,cptac,SKCM,162,0.9074074074074074
3,expression,all,0.1,13179,cptac,STAD,151,0.0
3,expression,all,0.1,13179,cptac,UCEC,240,0.9916666666666667
3,expression,all,0.1,13179,met500,BRCA,92,0.7608695652173914
3,expression,all,0.1,13179,met500,CRC,11,0.8181818181818182
3,expression,all,0.1,13179,met500,GBM,5,1.0
3,expression,all,0.1,13179,met500,HNSC,24,0.4583333333333333
3,expression,all,0.1,13179,met500,OV,13,0.7692307692307693
3,expression,all,0.1,13179,met500,PAAD,14,0.5714285714285714
3,expression,all,0.1,13179,met500,PRAD,91,0.6263736263736264
3,expression,all,0.1,13179,met500,SKCM,13,0.6153846153846154
3,expression,all,0.1,13179,met500,STAD,8,0.0
3,pairs,10,0.1,10,tcga_heldout,BRCA,219,0.8127853881278538
3,pairs,10,0.1,10,tcga_heldout,CRC,125,0.888
3,pairs,10,0.1,10,tcga_heldout,GBM,31,0.967741935483871
3,pairs,10,0.1,10,tcga_heldout,HNSC,104,0.75
3,pairs,10,0.1,10,tcga_heldout,KIRC,107,0.9719626168224299
3,pairs,10,0.1,10,tcga_heldout,LUAD,103,0.3786407766990291
3,pairs,10,0.1,10,tcga_heldout,LUSC,100,0.37
3,pairs,10,0.1,10,tcga_heldout,OV,84,0.8095238095238095
3,pairs,10,0.1,10,tcga_heldout,PAAD,36,0.6944444444444444
3,pairs,10,0.1,10,tcga_heldout,PRAD,100,1.0
3,pairs,10,0.1,10,tcga_heldout,SKCM,21,0.8095238095238095
3,pairs,10,0.1,10,tcga_heldout,STAD,82,0.1951219512195122
3,pairs,10,0.1,10,tcga_heldout,UCEC,109,0.6972477064220184
3,pairs,10,0.1,10,cptac,BRCA,132,0.7272727272727273
3,pairs,10,0.1,10,cptac,CRC,106,0.9433962264150944
3,pairs,10,0.1,10,cptac,GBM,193,0.8704663212435233
3,pairs,10,0.1,10,cptac,HNSC,110,0.44545454545454544
3,pairs,10,0.1,10,cptac,KIRC,223,0.9641255605381166
3,pairs,10,0.1,10,cptac,LUAD,228,0.40350877192982454
3,pairs,10,0.1,10,cptac,LUSC,109,0.6972477064220184
3,pairs,10,0.1,10,cptac,OV,101,0.8910891089108911
3,pairs,10,0.1,10,cptac,PAAD,161,0.14906832298136646
3,pairs,10,0.1,10,cptac,SKCM,162,0.7962962962962963
3,pairs,10,0.1,10,cptac,STAD,151,0.11258278145695365
3,pairs,10,0.1,10,cptac,UCEC,240,0.65
3,pairs,10,0.1,10,met500,BRCA,92,0.5760869565217391
3,pairs,10,0.1,10,met500,CRC,11,0.7272727272727273
3,pairs,10,0.1,10,met500,GBM,5,0.4
3,pairs,10,0.1,10,met500,HNSC,24,0.7083333333333334
3,pairs,10,0.1,10,met500,OV,13,0.5384615384615384
3,pairs,10,0.1,10,met500,PAAD,14,0.2857142857142857
3,pairs,10,0.1,10,met500,PRAD,91,0.7692307692307693
3,pairs,10,0.1,10,met500,SKCM,13,0.5384615384615384
3,pairs,10,0.1,10,met500,STAD,8,0.0
3,pairs,100,1.0,100,tcga_heldout,BRCA,219,0.9954337899543378
3,pairs,100,1.0,100,tcga_heldout,CRC,125,1.0
3,pairs,100,1.0,100,tcga_heldout,GBM,31,1.0
3,pairs,100,1.0,100,tcga_heldout,HNSC,104,0.9423076923076923
3,pairs,100,1.0,100,tcga_heldout,KIRC,107,0.9813084112149533
3,pairs,100,1.0,100,tcga_heldout,LUAD,103,0.9611650485436893
3,pairs,100,1.0,100,tcga_heldout,LUSC,100,0.84
3,pairs,100,1.0,100,tcga_heldout,OV,84,0.9642857142857143
3,pairs,100,1.0,100,tcga_heldout,PAAD,36,0.9722222222222222
3,pairs,100,1.0,100,tcga_heldout,PRAD,100,1.0
3,pairs,100,1.0,100,tcga_heldout,SKCM,21,1.0
3,pairs,100,1.0,100,tcga_heldout,STAD,82,0.9634146341463414
3,pairs,100,1.0,100,tcga_heldout,UCEC,109,0.981651376146789
3,pairs,100,1.0,100,cptac,BRCA,132,0.9848484848484849
3,pairs,100,1.0,100,cptac,CRC,106,1.0
3,pairs,100,1.0,100,cptac,GBM,193,0.9896373056994818
3,pairs,100,1.0,100,cptac,HNSC,110,0.8818181818181818
3,pairs,100,1.0,100,cptac,KIRC,223,0.9955156950672646
3,pairs,100,1.0,100,cptac,LUAD,228,0.9385964912280702
3,pairs,100,1.0,100,cptac,LUSC,109,0.926605504587156
3,pairs,100,1.0,100,cptac,OV,101,0.9207920792079208
3,pairs,100,1.0,100,cptac,PAAD,161,0.9565217391304348
3,pairs,100,1.0,100,cptac,SKCM,162,0.9567901234567902
3,pairs,100,1.0,100,cptac,STAD,151,0.2847682119205298
3,pairs,100,1.0,100,cptac,UCEC,240,0.9958333333333333
3,pairs,100,1.0,100,met500,BRCA,92,0.9021739130434783
3,pairs,100,1.0,100,met500,CRC,11,0.8181818181818182
3,pairs,100,1.0,100,met500,GBM,5,1.0
3,pairs,100,1.0,100,met500,HNSC,24,0.5
3,pairs,100,1.0,100,met500,OV,13,0.7692307692307693
3,pairs,100,1.0,100,met500,PAAD,14,0.35714285714285715
3,pairs,100,1.0,100,met500,PRAD,91,0.8681318681318682
3,pairs,100,1.0,100,met500,SKCM,13,0.5384615384615384
3,pairs,100,1.0,100,met500,STAD,8,0.25
3,pairs,150,0.1,150,tcga_heldout,BRCA,219,0.9954337899543378
3,pairs,150,0.1,150,tcga_heldout,CRC,125,1.0
3,pairs,150,0.1,150,tcga_heldout,GBM,31,1.0
3,pairs,150,0.1,150,tcga_heldout,HNSC,104,0.9423076923076923
3,pairs,150,0.1,150,tcga_heldout,KIRC,107,0.9813084112149533
3,pairs,150,0.1,150,tcga_heldout,LUAD,103,0.9611650485436893
3,pairs,150,0.1,150,tcga_heldout,LUSC,100,0.88
3,pairs,150,0.1,150,tcga_heldout,OV,84,0.9761904761904762
3,pairs,150,0.1,150,tcga_heldout,PAAD,36,0.9722222222222222
3,pairs,150,0.1,150,tcga_heldout,PRAD,100,1.0
3,pairs,150,0.1,150,tcga_heldout,SKCM,21,1.0
3,pairs,150,0.1,150,tcga_heldout,STAD,82,0.9634146341463414
3,pairs,150,0.1,150,tcga_heldout,UCEC,109,0.963302752293578
3,pairs,150,0.1,150,cptac,BRCA,132,0.9848484848484849
3,pairs,150,0.1,150,cptac,CRC,106,1.0
3,pairs,150,0.1,150,cptac,GBM,193,0.9948186528497409
3,pairs,150,0.1,150,cptac,HNSC,110,0.8818181818181818
3,pairs,150,0.1,150,cptac,KIRC,223,0.9955156950672646
3,pairs,150,0.1,150,cptac,LUAD,228,0.9692982456140351
3,pairs,150,0.1,150,cptac,LUSC,109,0.926605504587156
3,pairs,150,0.1,150,cptac,OV,101,0.8118811881188119
3,pairs,150,0.1,150,cptac,PAAD,161,0.9440993788819876
3,pairs,150,0.1,150,cptac,SKCM,162,0.9814814814814815
3,pairs,150,0.1,150,cptac,STAD,151,0.31125827814569534
3,pairs,150,0.1,150,cptac,UCEC,240,0.9958333333333333
3,pairs,150,0.1,150,met500,BRCA,92,0.9347826086956522
3,pairs,150,0.1,150,met500,CRC,11,0.8181818181818182
3,pairs,150,0.1,150,met500,GBM,5,1.0
3,pairs,150,0.1,150,met500,HNSC,24,0.5416666666666666
3,pairs,150,0.1,150,met500,OV,13,0.46153846153846156
3,pairs,150,0.1,150,met500,PAAD,14,0.6428571428571429
3,pairs,150,0.1,150,met500,PRAD,91,0.8681318681318682
3,pairs,150,0.1,150,met500,SKCM,13,0.6923076923076923
3,pairs,150,0.1,150,met500,STAD,8,0.25
3,pairs,20,0.1,20,tcga_heldout,BRCA,219,0.9954337899543378
3,pairs,20,0.1,20,tcga_heldout,CRC,125,0.944
3,pairs,20,0.1,20,tcga_heldout,GBM,31,1.0
3,pairs,20,0.1,20,tcga_heldout,HNSC,104,0.8846153846153846
3,pairs,20,0.1,20,tcga_heldout,KIRC,107,0.9719626168224299
3,pairs,20,0.1,20,tcga_heldout,LUAD,103,0.7766990291262136
3,pairs,20,0.1,20,tcga_heldout,LUSC,100,0.68
3,pairs,20,0.1,20,tcga_heldout,OV,84,0.8809523809523809
3,pairs,20,0.1,20,tcga_heldout,PAAD,36,0.75
3,pairs,20,0.1,20,tcga_heldout,PRAD,100,1.0
3,pairs,20,0.1,20,tcga_heldout,SKCM,21,0.9523809523809523
3,pairs,20,0.1,20,tcga_heldout,STAD,82,0.5853658536585366
3,pairs,20,0.1,20,tcga_heldout,UCEC,109,0.8899082568807339
3,pairs,20,0.1,20,cptac,BRCA,132,0.9696969696969697
3,pairs,20,0.1,20,cptac,CRC,106,0.9811320754716981
3,pairs,20,0.1,20,cptac,GBM,193,0.9948186528497409
3,pairs,20,0.1,20,cptac,HNSC,110,0.7454545454545455
3,pairs,20,0.1,20,cptac,KIRC,223,0.9955156950672646
3,pairs,20,0.1,20,cptac,LUAD,228,0.7982456140350878
3,pairs,20,0.1,20,cptac,LUSC,109,0.8623853211009175
3,pairs,20,0.1,20,cptac,OV,101,0.8910891089108911
3,pairs,20,0.1,20,cptac,PAAD,161,0.19254658385093168
3,pairs,20,0.1,20,cptac,SKCM,162,0.8827160493827161
3,pairs,20,0.1,20,cptac,STAD,151,0.7549668874172185
3,pairs,20,0.1,20,cptac,UCEC,240,0.925
3,pairs,20,0.1,20,met500,BRCA,92,0.8260869565217391
3,pairs,20,0.1,20,met500,CRC,11,0.7272727272727273
3,pairs,20,0.1,20,met500,GBM,5,1.0
3,pairs,20,0.1,20,met500,HNSC,24,0.6666666666666666
3,pairs,20,0.1,20,met500,OV,13,0.6153846153846154
3,pairs,20,0.1,20,met500,PAAD,14,0.21428571428571427
3,pairs,20,0.1,20,met500,PRAD,91,0.8241758241758241
3,pairs,20,0.1,20,met500,SKCM,13,0.5384615384615384
3,pairs,20,0.1,20,met500,STAD,8,0.25
3,pairs,50,0.1,50,tcga_heldout,BRCA,219,0.9954337899543378
3,pairs,50,0.1,50,tcga_heldout,CRC,125,0.968
3,pairs,50,0.1,50,tcga_heldout,GBM,31,1.0
3,pairs,50,0.1,50,tcga_heldout,HNSC,104,0.9230769230769231
3,pairs,50,0.1,50,tcga_heldout,KIRC,107,0.9813084112149533
3,pairs,50,0.1,50,tcga_heldout,LUAD,103,0.9223300970873787
3,pairs,50,0.1,50,tcga_heldout,LUSC,100,0.81
3,pairs,50,0.1,50,tcga_heldout,OV,84,0.9523809523809523
3,pairs,50,0.1,50,tcga_heldout,PAAD,36,0.9166666666666666
3,pairs,50,0.1,50,tcga_heldout,PRAD,100,1.0
3,pairs,50,0.1,50,tcga_heldout,SKCM,21,1.0
3,pairs,50,0.1,50,tcga_heldout,STAD,82,0.9390243902439024
3,pairs,50,0.1,50,tcga_heldout,UCEC,109,0.9357798165137615
3,pairs,50,0.1,50,cptac,BRCA,132,0.9772727272727273
3,pairs,50,0.1,50,cptac,CRC,106,0.9811320754716981
3,pairs,50,0.1,50,cptac,GBM,193,1.0
3,pairs,50,0.1,50,cptac,HNSC,110,0.7818181818181819
3,pairs,50,0.1,50,cptac,KIRC,223,0.9955156950672646
3,pairs,50,0.1,50,cptac,LUAD,228,0.9254385964912281
3,pairs,50,0.1,50,cptac,LUSC,109,0.908256880733945
3,pairs,50,0.1,50,cptac,OV,101,0.900990099009901
3,pairs,50,0.1,50,cptac,PAAD,161,0.8633540372670807
3,pairs,50,0.1,50,cptac,SKCM,162,0.9691358024691358
3,pairs,50,0.1,50,cptac,STAD,151,0.4768211920529801
3,pairs,50,0.1,50,cptac,UCEC,240,0.975
3,pairs,50,0.1,50,met500,BRCA,92,0.9021739130434783
3,pairs,50,0.1,50,met500,CRC,11,0.6363636363636364
3,pairs,50,0.1,50,met500,GBM,5,1.0
3,pairs,50,0.1,50,met500,HNSC,24,0.5416666666666666
3,pairs,50,0.1,50,met500,OV,13,0.6153846153846154
3,pairs,50,0.1,50,met500,PAAD,14,0.5
3,pairs,50,0.1,50,met500,PRAD,91,0.8681318681318682
3,pairs,50,0.1,50,met500,SKCM,13,0.6153846153846154
3,pairs,50,0.1,50,met500,STAD,8,0.25
4,expression,10,1.0,10,tcga_heldout,BRCA,219,0.8904109589041096
4,expression,10,1.0,10,tcga_heldout,CRC,125,0.896
4,expression,10,1.0,10,tcga_heldout,GBM,31,1.0
4,expression,10,1.0,10,tcga_heldout,HNSC,104,0.7596153846153846
4,expression,10,1.0,10,tcga_heldout,KIRC,107,0.9532710280373832
4,expression,10,1.0,10,tcga_heldout,LUAD,103,0.6116504854368932
4,expression,10,1.0,10,tcga_heldout,LUSC,100,0.67
4,expression,10,1.0,10,tcga_heldout,OV,84,0.9404761904761905
4,expression,10,1.0,10,tcga_heldout,PAAD,36,0.7222222222222222
4,expression,10,1.0,10,tcga_heldout,PRAD,100,0.99
4,expression,10,1.0,10,tcga_heldout,SKCM,21,1.0
4,expression,10,1.0,10,tcga_heldout,STAD,82,0.5121951219512195
4,expression,10,1.0,10,tcga_heldout,UCEC,109,0.8899082568807339
4,expression,10,1.0,10,cptac,BRCA,132,0.7878787878787878
4,expression,10,1.0,10,cptac,CRC,106,0.8773584905660378
4,expression,10,1.0,10,cptac,GBM,193,0.9637305699481865
4,expression,10,1.0,10,cptac,HNSC,110,0.3
4,expression,10,1.0,10,cptac,KIRC,223,0.9730941704035875
4,expression,10,1.0,10,cptac,LUAD,228,0.43859649122807015
4,expression,10,1.0,10,cptac,LUSC,109,0.944954128440367
4,expression,10,1.0,10,cptac,OV,101,0.8811881188118812
4,expression,10,1.0,10,cptac,PAAD,161,0.09316770186335403
4,expression,10,1.0,10,cptac,SKCM,162,0.845679012345679
4,expression,10,1.0,10,cptac,STAD,151,0.13245033112582782
4,expression,10,1.0,10,cptac,UCEC,240,0.9291666666666667
4,expression,10,1.0,10,met500,BRCA,92,0.6521739130434783
4,expression,10,1.0,10,met500,CRC,11,0.5454545454545454
4,expression,10,1.0,10,met500,GBM,5,0.6
4,expression,10,1.0,10,met500,HNSC,24,0.625
4,expression,10,1.0,10,met500,OV,13,0.6923076923076923
4,expression,10,1.0,10,met500,PAAD,14,0.42857142857142855
4,expression,10,1.0,10,met500,PRAD,91,0.6593406593406593
4,expression,10,1.0,10,met500,SKCM,13,0.6153846153846154
4,expression,10,1.0,10,met500,STAD,8,0.125
4,expression,100,0.1,100,tcga_heldout,BRCA,219,0.9908675799086758
4,expression,100,0.1,100,tcga_heldout,CRC,125,0.96
4,expression,100,0.1,100,tcga_heldout,GBM,31,1.0
4,expression,100,0.1,100,tcga_heldout,HNSC,104,0.9519230769230769
4,expression,100,0.1,100,tcga_heldout,KIRC,107,0.9813084112149533
4,expression,100,0.1,100,tcga_heldout,LUAD,103,0.9514563106796117
4,expression,100,0.1,100,tcga_heldout,LUSC,100,0.79
4,expression,100,0.1,100,tcga_heldout,OV,84,0.9761904761904762
4,expression,100,0.1,100,tcga_heldout,PAAD,36,1.0
4,expression,100,0.1,100,tcga_heldout,PRAD,100,1.0
4,expression,100,0.1,100,tcga_heldout,SKCM,21,1.0
4,expression,100,0.1,100,tcga_heldout,STAD,82,0.9146341463414634
4,expression,100,0.1,100,tcga_heldout,UCEC,109,0.9541284403669725
4,expression,100,0.1,100,cptac,BRCA,132,0.9848484848484849
4,expression,100,0.1,100,cptac,CRC,106,1.0
4,expression,100,0.1,100,cptac,GBM,193,1.0
4,expression,100,0.1,100,cptac,HNSC,110,0.8454545454545455
4,expression,100,0.1,100,cptac,KIRC,223,0.9955156950672646
4,expression,100,0.1,100,cptac,LUAD,228,0.9385964912280702
4,expression,100,0.1,100,cptac,LUSC,109,0.8715596330275229
4,expression,100,0.1,100,cptac,OV,101,0.8316831683168316
4,expression,100,0.1,100,cptac,PAAD,161,0.9875776397515528
4,expression,100,0.1,100,cptac,SKCM,162,0.9444444444444444
4,expression,100,0.1,100,cptac,STAD,151,0.2980132450331126
4,expression,100,0.1,100,cptac,UCEC,240,0.9916666666666667
4,expression,100,0.1,100,met500,BRCA,92,0.9239130434782609
4,expression,100,0.1,100,met500,CRC,11,0.7272727272727273
4,expression,100,0.1,100,met500,GBM,5,1.0
4,expression,100,0.1,100,met500,HNSC,24,0.4166666666666667
4,expression,100,0.1,100,met500,OV,13,0.6153846153846154
4,expression,100,0.1,100,met500,PAAD,14,0.7142857142857143
4,expression,100,0.1,100,met500,PRAD,91,0.8571428571428571
4,expression,100,0.1,100,met500,SKCM,13,0.6923076923076923
4,expression,100,0.1,100,met500,STAD,8,0.25
4,expression,150,0.1,150,tcga_heldout,BRCA,219,0.9908675799086758
4,expression,150,0.1,150,tcga_heldout,CRC,125,0.96
4,expression,150,0.1,150,tcga_heldout,GBM,31,1.0
4,expression,150,0.1,150,tcga_heldout,HNSC,104,0.9615384615384616
4,expression,150,0.1,150,tcga_heldout,KIRC,107,0.9813084112149533
4,expression,150,0.1,150,tcga_heldout,LUAD,103,0.9611650485436893
4,expression,150,0.1,150,tcga_heldout,LUSC,100,0.81
4,expression,150,0.1,150,tcga_heldout,OV,84,0.9761904761904762
4,expression,150,0.1,150,tcga_heldout,PAAD,36,1.0
4,expression,150,0.1,150,tcga_heldout,PRAD,100,1.0
4,expression,150,0.1,150,tcga_heldout,SKCM,21,1.0
4,expression,150,0.1,150,tcga_heldout,STAD,82,0.9390243902439024
4,expression,150,0.1,150,tcga_heldout,UCEC,109,0.9724770642201835
4,expression,150,0.1,150,cptac,BRCA,132,0.9848484848484849
4,expression,150,0.1,150,cptac,CRC,106,1.0
4,expression,150,0.1,150,cptac,GBM,193,1.0
4,expression,150,0.1,150,cptac,HNSC,110,0.9181818181818182
4,expression,150,0.1,150,cptac,KIRC,223,0.9955156950672646
4,expression,150,0.1,150,cptac,LUAD,228,0.9868421052631579
4,expression,150,0.1,150,cptac,LUSC,109,0.8348623853211009
4,expression,150,0.1,150,cptac,OV,101,0.6039603960396039
4,expression,150,0.1,150,cptac,PAAD,161,0.9751552795031055
4,expression,150,0.1,150,cptac,SKCM,162,0.9506172839506173
4,expression,150,0.1,150,cptac,STAD,151,0.32450331125827814
4,expression,150,0.1,150,cptac,UCEC,240,0.9958333333333333
4,expression,150,0.1,150,met500,BRCA,92,0.9347826086956522
4,expression,150,0.1,150,met500,CRC,11,0.7272727272727273
4,expression,150,0.1,150,met500,GBM,5,1.0
4,expression,150,0.1,150,met500,HNSC,24,0.5
4,expression,150,0.1,150,met500,OV,13,0.38461538461538464
4,expression,150,0.1,150,met500,PAAD,14,0.7857142857142857
4,expression,150,0.1,150,met500,PRAD,91,0.8351648351648352
4,expression,150,0.1,150,met500,SKCM,13,0.7692307692307693
4,expression,150,0.1,150,met500,STAD,8,0.125
4,expression,20,1.0,20,tcga_heldout,BRCA,219,0.9726027397260274
4,expression,20,1.0,20,tcga_heldout,CRC,125,0.944
4,expression,20,1.0,20,tcga_heldout,GBM,31,1.0
4,expression,20,1.0,20,tcga_heldout,HNSC,104,0.8846153846153846
4,expression,20,1.0,20,tcga_heldout,KIRC,107,0.9532710280373832
4,expression,20,1.0,20,tcga_heldout,LUAD,103,0.883495145631068
4,expression,20,1.0,20,tcga_heldout,LUSC,100,0.77
4,expression,20,1.0,20,tcga_heldout,OV,84,0.9642857142857143
4,expression,20,1.0,20,tcga_heldout,PAAD,36,0.8611111111111112
4,expression,20,1.0,20,tcga_heldout,PRAD,100,0.99
4,expression,20,1.0,20,tcga_heldout,SKCM,21,1.0
4,expression,20,1.0,20,tcga_heldout,STAD,82,0.7073170731707317
4,expression,20,1.0,20,tcga_heldout,UCEC,109,0.926605504587156
4,expression,20,1.0,20,cptac,BRCA,132,0.9393939393939394
4,expression,20,1.0,20,cptac,CRC,106,0.9622641509433962
4,expression,20,1.0,20,cptac,GBM,193,0.9948186528497409
4,expression,20,1.0,20,cptac,HNSC,110,0.7181818181818181
4,expression,20,1.0,20,cptac,KIRC,223,0.9955156950672646
4,expression,20,1.0,20,cptac,LUAD,228,0.6666666666666666
4,expression,20,1.0,20,cptac,LUSC,109,0.9174311926605505
4,expression,20,1.0,20,cptac,OV,101,0.900990099009901
4,expression,20,1.0,20,cptac,PAAD,161,0.4161490683229814
4,expression,20,1.0,20,cptac,SKCM,162,0.9012345679012346
4,expression,20,1.0,20,cptac,STAD,151,0.7483443708609272
4,expression,20,1.0,20,cptac,UCEC,240,0.9083333333333333
4,expression,20,1.0,20,met500,BRCA,92,0.8260869565217391
4,expression,20,1.0,20,met500,CRC,11,0.2727272727272727
4,expression,20,1.0,20,met500,GBM,5,1.0
4,expression,20,1.0,20,met500,HNSC,24,0.625
4,expression,20,1.0,20,met500,OV,13,0.7692307692307693
4,expression,20,1.0,20,met500,PAAD,14,0.35714285714285715
4,expression,20,1.0,20,met500,PRAD,91,0.7582417582417582
4,expression,20,1.0,20,met500,SKCM,13,0.5384615384615384
4,expression,20,1.0,20,met500,STAD,8,0.25
4,expression,250,1.0,250,tcga_heldout,BRCA,219,0.9954337899543378
4,expression,250,1.0,250,tcga_heldout,CRC,125,0.984
4,expression,250,1.0,250,tcga_heldout,GBM,31,1.0
4,expression,250,1.0,250,tcga_heldout,HNSC,104,0.9519230769230769
4,expression,250,1.0,250,tcga_heldout,KIRC,107,0.9906542056074766
4,expression,250,1.0,250,tcga_heldout,LUAD,103,0.9805825242718447
4,expression,250,1.0,250,tcga_heldout,LUSC,100,0.85
4,expression,250,1.0,250,tcga_heldout,OV,84,0.9880952380952381
4,expression,250,1.0,250,tcga_heldout,PAAD,36,1.0
4,expression,250,1.0,250,tcga_heldout,PRAD,100,1.0
4,expression,250,1.0,250,tcga_heldout,SKCM,21,1.0
4,expression,250,1.0,250,tcga_heldout,STAD,82,0.975609756097561
4,expression,250,1.0,250,tcga_heldout,UCEC,109,0.9724770642201835
4,expression,250,1.0,250,cptac,BRCA,132,0.9848484848484849
4,expression,250,1.0,250,cptac,CRC,106,1.0
4,expression,250,1.0,250,cptac,GBM,193,1.0
4,expression,250,1.0,250,cptac,HNSC,110,0.9454545454545454
4,expression,250,1.0,250,cptac,KIRC,223,0.9955156950672646
4,expression,250,1.0,250,cptac,LUAD,228,0.9824561403508771
4,expression,250,1.0,250,cptac,LUSC,109,0.8348623853211009
4,expression,250,1.0,250,cptac,OV,101,0.7425742574257426
4,expression,250,1.0,250,cptac,PAAD,161,0.9751552795031055
4,expression,250,1.0,250,cptac,SKCM,162,0.9444444444444444
4,expression,250,1.0,250,cptac,STAD,151,0.19205298013245034
4,expression,250,1.0,250,cptac,UCEC,240,0.9833333333333333
4,expression,250,1.0,250,met500,BRCA,92,0.9239130434782609
4,expression,250,1.0,250,met500,CRC,11,0.8181818181818182
4,expression,250,1.0,250,met500,GBM,5,1.0
4,expression,250,1.0,250,met500,HNSC,24,0.4166666666666667
4,expression,250,1.0,250,met500,OV,13,0.38461538461538464
4,expression,250,1.0,250,met500,PAAD,14,0.7142857142857143
4,expression,250,1.0,250,met500,PRAD,91,0.7692307692307693
4,expression,250,1.0,250,met500,SKCM,13,0.7692307692307693
4,expression,250,1.0,250,met500,STAD,8,0.0
4,expression,50,1.0,50,tcga_heldout,BRCA,219,0.9863013698630136
4,expression,50,1.0,50,tcga_heldout,CRC,125,0.968
4,expression,50,1.0,50,tcga_heldout,GBM,31,1.0
4,expression,50,1.0,50,tcga_heldout,HNSC,104,0.9134615384615384
4,expression,50,1.0,50,tcga_heldout,KIRC,107,0.9906542056074766
4,expression,50,1.0,50,tcga_heldout,LUAD,103,0.9514563106796117
4,expression,50,1.0,50,tcga_heldout,LUSC,100,0.79
4,expression,50,1.0,50,tcga_heldout,OV,84,0.9761904761904762
4,expression,50,1.0,50,tcga_heldout,PAAD,36,0.9444444444444444
4,expression,50,1.0,50,tcga_heldout,PRAD,100,1.0
4,expression,50,1.0,50,tcga_heldout,SKCM,21,1.0
4,expression,50,1.0,50,tcga_heldout,STAD,82,0.8902439024390244
4,expression,50,1.0,50,tcga_heldout,UCEC,109,0.963302752293578
4,expression,50,1.0,50,cptac,BRCA,132,0.9848484848484849
4,expression,50,1.0,50,cptac,CRC,106,0.9716981132075472
4,expression,50,1.0,50,cptac,GBM,193,1.0
4,expression,50,1.0,50,cptac,HNSC,110,0.8272727272727273
4,expression,50,1.0,50,cptac,KIRC,223,0.9955156950672646
4,expression,50,1.0,50,cptac,LUAD,228,0.9166666666666666
4,expression,50,1.0,50,cptac,LUSC,109,0.8807339449541285
4,expression,50,1.0,50,cptac,OV,101,0.8415841584158416
4,expression,50,1.0,50,cptac,PAAD,161,0.9503105590062112
4,expression,50,1.0,50,cptac,SKCM,162,0.9320987654320988
4,expression,50,1.0,50,cptac,STAD,151,0.4370860927152318
4,expression,50,1.0,50,cptac,UCEC,240,0.975
4,expression,50,1.0,50,met500,BRCA,92,0.9130434782608695
4,expression,50,1.0,50,met500,CRC,11,0.45454545454545453
4,expression,50,1.0,50,met500,GBM,5,1.0
4,expression,50,1.0,50,met500,HNSC,24,0.4166666666666667
4,expression,50,1.0,50,met500,OV,13,0.5384615384615384
4,expression,50,1.0,50,met500,PAAD,14,0.5
4,expression,50,1.0,50,met500,PRAD,91,0.7912087912087912
4,expression,50,1.0,50,met500,SKCM,13,0.6153846153846154
4,expression,50,1.0,50,met500,STAD,8,0.125
4,expression,500,0.1,500,tcga_heldout,BRCA,219,0.9908675799086758
4,expression,500,0.1,500,tcga_heldout,CRC,125,0.976
4,expression,500,0.1,500,tcga_heldout,GBM,31,1.0
4,expression,500,0.1,500,tcga_heldout,HNSC,104,0.9807692307692307
4,expression,500,0.1,500,tcga_heldout,KIRC,107,0.9906542056074766
4,expression,500,0.1,500,tcga_heldout,LUAD,103,0.970873786407767
4,expression,500,0.1,500,tcga_heldout,LUSC,100,0.89
4,expression,500,0.1,500,tcga_heldout,OV,84,0.9880952380952381
4,expression,500,0.1,500,tcga_heldout,PAAD,36,1.0
4,expression,500,0.1,500,tcga_heldout,PRAD,100,1.0
4,expression,500,0.1,500,tcga_heldout,SKCM,21,1.0
4,expression,500,0.1,500,tcga_heldout,STAD,82,0.9878048780487805
4,expression,500,0.1,500,tcga_heldout,UCEC,109,0.981651376146789
4,expression,500,0.1,500,cptac,BRCA,132,0.9848484848484849
4,expression,500,0.1,500,cptac,CRC,106,1.0
4,expression,500,0.1,500,cptac,GBM,193,1.0
4,expression,500,0.1,500,cptac,HNSC,110,0.9272727272727272
4,expression,500,0.1,500,cptac,KIRC,223,1.0
4,expression,500,0.1,500,cptac,LUAD,228,0.9912280701754386
4,expression,500,0.1,500,cptac,LUSC,109,0.8165137614678899
4,expression,500,0.1,500,cptac,OV,101,0.8910891089108911
4,expression,500,0.1,500,cptac,PAAD,161,0.9503105590062112
4,expression,500,0.1,500,cptac,SKCM,162,0.9506172839506173
4,expression,500,0.1,500,cptac,STAD,151,0.2582781456953642
4,expression,500,0.1,500,cptac,UCEC,240,0.9833333333333333
4,expression,500,0.1,500,met500,BRCA,92,0.9239130434782609
4,expression,500,0.1,500,met500,CRC,11,0.7272727272727273
4,expression,500,0.1,500,met500,GBM,5,1.0
4,expression,500,0.1,500,met500,HNSC,24,0.5416666666666666
4,expression,500,0.1,500,met500,OV,13,0.6153846153846154
4,expression,500,0.1,500,met500,PAAD,14,0.5
4,expression,500,0.1,500,met500,PRAD,91,0.7912087912087912
4,expression,500,0.1,500,met500,SKCM,13,0.7692307692307693
4,expression,500,0.1,500,met500,STAD,8,0.25
4,expression,all,0.01,13182,tcga_heldout,BRCA,219,0.9954337899543378
4,expression,all,0.01,13182,tcga_heldout,CRC,125,0.984
4,expression,all,0.01,13182,tcga_heldout,GBM,31,1.0
4,expression,all,0.01,13182,tcga_heldout,HNSC,104,0.9807692307692307
4,expression,all,0.01,13182,tcga_heldout,KIRC,107,0.9906542056074766
4,expression,all,0.01,13182,tcga_heldout,LUAD,103,0.9805825242718447
4,expression,all,0.01,13182,tcga_heldout,LUSC,100,0.9
4,expression,all,0.01,13182,tcga_heldout,OV,84,1.0
4,expression,all,0.01,13182,tcga_heldout,PAAD,36,1.0
4,expression,all,0.01,13182,tcga_heldout,PRAD,100,1.0
4,expression,all,0.01,13182,tcga_heldout,SKCM,21,1.0
4,expression,all,0.01,13182,tcga_heldout,STAD,82,1.0
4,expression,all,0.01,13182,tcga_heldout,UCEC,109,0.9908256880733946
4,expression,all,0.01,13182,cptac,BRCA,132,0.9848484848484849
4,expression,all,0.01,13182,cptac,CRC,106,1.0
4,expression,all,0.01,13182,cptac,GBM,193,1.0
4,expression,all,0.01,13182,cptac,HNSC,110,0.9454545454545454
4,expression,all,0.01,13182,cptac,KIRC,223,0.9955156950672646
4,expression,all,0.01,13182,cptac,LUAD,228,1.0
4,expression,all,0.01,13182,cptac,LUSC,109,0.6330275229357798
4,expression,all,0.01,13182,cptac,OV,101,0.7128712871287128
4,expression,all,0.01,13182,cptac,PAAD,161,0.9751552795031055
4,expression,all,0.01,13182,cptac,SKCM,162,0.8950617283950617
4,expression,all,0.01,13182,cptac,STAD,151,0.046357615894039736
4,expression,all,0.01,13182,cptac,UCEC,240,0.9958333333333333
4,expression,all,0.01,13182,met500,BRCA,92,0.8478260869565217
4,expression,all,0.01,13182,met500,CRC,11,0.7272727272727273
4,expression,all,0.01,13182,met500,GBM,5,1.0
4,expression,all,0.01,13182,met500,HNSC,24,0.20833333333333334
4,expression,all,0.01,13182,met500,OV,13,0.6923076923076923
4,expression,all,0.01,13182,met500,PAAD,14,0.5
4,expression,all,0.01,13182,met500,PRAD,91,0.7032967032967034
4,expression,all,0.01,13182,met500,SKCM,13,0.8461538461538461
4,expression,all,0.01,13182,met500,STAD,8,0.125
4,pairs,10,0.1,10,tcga_heldout,BRCA,219,0.8493150684931506
4,pairs,10,0.1,10,tcga_heldout,CRC,125,0.912
4,pairs,10,0.1,10,tcga_heldout,GBM,31,0.9354838709677419
4,pairs,10,0.1,10,tcga_heldout,HNSC,104,0.7403846153846154
4,pairs,10,0.1,10,tcga_heldout,KIRC,107,0.9439252336448598
4,pairs,10,0.1,10,tcga_heldout,LUAD,103,0.47572815533980584
4,pairs,10,0.1,10,tcga_heldout,LUSC,100,0.37
4,pairs,10,0.1,10,tcga_heldout,OV,84,0.7142857142857143
4,pairs,10,0.1,10,tcga_heldout,PAAD,36,0.75
4,pairs,10,0.1,10,tcga_heldout,PRAD,100,0.99
4,pairs,10,0.1,10,tcga_heldout,SKCM,21,0.7142857142857143
4,pairs,10,0.1,10,tcga_heldout,STAD,82,0.1951219512195122
4,pairs,10,0.1,10,tcga_heldout,UCEC,109,0.7798165137614679
4,pairs,10,0.1,10,cptac,BRCA,132,0.7196969696969697
4,pairs,10,0.1,10,cptac,CRC,106,0.9433962264150944
4,pairs,10,0.1,10,cptac,GBM,193,0.8860103626943006
4,pairs,10,0.1,10,cptac,HNSC,110,0.44545454545454544
4,pairs,10,0.1,10,cptac,KIRC,223,0.9372197309417041
4,pairs,10,0.1,10,cptac,LUAD,228,0.42543859649122806
4,pairs,10,0.1,10,cptac,LUSC,109,0.6972477064220184
4,pairs,10,0.1,10,cptac,OV,101,0.8811881188118812
4,pairs,10,0.1,10,cptac,PAAD,161,0.17391304347826086
4,pairs,10,0.1,10,cptac,SKCM,162,0.7901234567901234
4,pairs,10,0.1,10,cptac,STAD,151,0.09271523178807947
4,pairs,10,0.1,10,cptac,UCEC,240,0.675
4,pairs,10,0.1,10,met500,BRCA,92,0.5869565217391305
4,pairs,10,0.1,10,met500,CRC,11,0.7272727272727273
4,pairs,10,0.1,10,met500,GBM,5,0.4
4,pairs,10,0.1,10,met500,HNSC,24,0.7083333333333334
4,pairs,10,0.1,10,met500,OV,13,0.5384615384615384
4,pairs,10,0.1,10,met500,PAAD,14,0.35714285714285715
4,pairs,10,0.1,10,met500,PRAD,91,0.7692307692307693
4,pairs,10,0.1,10,met500,SKCM,13,0.5384615384615384
4,pairs,10,0.1,10,met500,STAD,8,0.0
4,pairs,100,1.0,100,tcga_heldout,BRCA,219,0.9908675799086758
4,pairs,100,1.0,100,tcga_heldout,CRC,125,0.968
4,pairs,100,1.0,100,tcga_heldout,GBM,31,1.0
4,pairs,100,1.0,100,tcga_heldout,HNSC,104,0.9519230769230769
4,pairs,100,1.0,100,tcga_heldout,KIRC,107,0.9719626168224299
4,pairs,100,1.0,100,tcga_heldout,LUAD,103,0.970873786407767
4,pairs,100,1.0,100,tcga_heldout,LUSC,100,0.8
4,pairs,100,1.0,100,tcga_heldout,OV,84,0.9642857142857143
4,pairs,100,1.0,100,tcga_heldout,PAAD,36,1.0
4,pairs,100,1.0,100,tcga_heldout,PRAD,100,1.0
4,pairs,100,1.0,100,tcga_heldout,SKCM,21,1.0
4,pairs,100,1.0,100,tcga_heldout,STAD,82,0.926829268292683
4,pairs,100,1.0,100,tcga_heldout,UCEC,109,0.963302752293578
4,pairs,100,1.0,100,cptac,BRCA,132,0.9848484848484849
4,pairs,100,1.0,100,cptac,CRC,106,1.0
4,pairs,100,1.0,100,cptac,GBM,193,0.9896373056994818
4,pairs,100,1.0,100,cptac,HNSC,110,0.8818181818181818
4,pairs,100,1.0,100,cptac,KIRC,223,0.9955156950672646
4,pairs,100,1.0,100,cptac,LUAD,228,0.9473684210526315
4,pairs,100,1.0,100,cptac,LUSC,109,0.9174311926605505
4,pairs,100,1.0,100,cptac,OV,101,0.8712871287128713
4,pairs,100,1.0,100,cptac,PAAD,161,0.9503105590062112
4,pairs,100,1.0,100,cptac,SKCM,162,0.9814814814814815
4,pairs,100,1.0,100,cptac,STAD,151,0.40397350993377484
4,pairs,100,1.0,100,cptac,UCEC,240,0.9958333333333333
4,pairs,100,1.0,100,met500,BRCA,92,0.9347826086956522
4,pairs,100,1.0,100,met500,CRC,11,0.8181818181818182
4,pairs,100,1.0,100,met500,GBM,5,1.0
4,pairs,100,1.0,100,met500,HNSC,24,0.4583333333333333
4,pairs,100,1.0,100,met500,OV,13,0.7692307692307693
4,pairs,100,1.0,100,met500,PAAD,14,0.5
4,pairs,100,1.0,100,met500,PRAD,91,0.8681318681318682
4,pairs,100,1.0,100,met500,SKCM,13,0.6153846153846154
4,pairs,100,1.0,100,met500,STAD,8,0.25
4,pairs,150,0.01,150,tcga_heldout,BRCA,219,0.9908675799086758
4,pairs,150,0.01,150,tcga_heldout,CRC,125,0.968
4,pairs,150,0.01,150,tcga_heldout,GBM,31,1.0
4,pairs,150,0.01,150,tcga_heldout,HNSC,104,0.9807692307692307
4,pairs,150,0.01,150,tcga_heldout,KIRC,107,0.9813084112149533
4,pairs,150,0.01,150,tcga_heldout,LUAD,103,0.970873786407767
4,pairs,150,0.01,150,tcga_heldout,LUSC,100,0.83
4,pairs,150,0.01,150,tcga_heldout,OV,84,0.9761904761904762
4,pairs,150,0.01,150,tcga_heldout,PAAD,36,1.0
4,pairs,150,0.01,150,tcga_heldout,PRAD,100,1.0
4,pairs,150,0.01,150,tcga_heldout,SKCM,21,1.0
4,pairs,150,0.01,150,tcga_heldout,STAD,82,0.926829268292683
4,pairs,150,0.01,150,tcga_heldout,UCEC,109,0.981651376146789
4,pairs,150,0.01,150,cptac,BRCA,132,0.9848484848484849
4,pairs,150,0.01,150,cptac,CRC,106,1.0
4,pairs,150,0.01,150,cptac,GBM,193,1.0
4,pairs,150,0.01,150,cptac,HNSC,110,0.8909090909090909
4,pairs,150,0.01,150,cptac,KIRC,223,0.9955156950672646
4,pairs,150,0.01,150,cptac,LUAD,228,0.9824561403508771
4,pairs,150,0.01,150,cptac,LUSC,109,0.8990825688073395
4,pairs,150,0.01,150,cptac,OV,101,0.8613861386138614
4,pairs,150,0.01,150,cptac,PAAD,161,0.9565217391304348
4,pairs,150,0.01,150,cptac,SKCM,162,0.9691358024691358
4,pairs,150,0.01,150,cptac,STAD,151,0.3708609271523179
4,pairs,150,0.01,150,cptac,UCEC,240,0.9958333333333333
4,pairs,150,0.01,150,met500,BRCA,92,0.9347826086956522
4,pairs,150,0.01,150,met500,CRC,11,0.8181818181818182
4,pairs,150,0.01,150,met500,GBM,5,1.0
4,pairs,150,0.01,150,met500,HNSC,24,0.4583333333333333
4,pairs,150,0.01,150,met500,OV,13,0.46153846153846156
4,pairs,150,0.01,150,met500,PAAD,14,0.6428571428571429
4,pairs,150,0.01,150,met500,PRAD,91,0.8681318681318682
4,pairs,150,0.01,150,met500,SKCM,13,0.8461538461538461
4,pairs,150,0.01,150,met500,STAD,8,0.25
4,pairs,20,0.1,20,tcga_heldout,BRCA,219,0.9680365296803652
4,pairs,20,0.1,20,tcga_heldout,CRC,125,0.928
4,pairs,20,0.1,20,tcga_heldout,GBM,31,1.0
4,pairs,20,0.1,20,tcga_heldout,HNSC,104,0.8365384615384616
4,pairs,20,0.1,20,tcga_heldout,KIRC,107,0.9626168224299065
4,pairs,20,0.1,20,tcga_heldout,LUAD,103,0.8446601941747572
4,pairs,20,0.1,20,tcga_heldout,LUSC,100,0.76
4,pairs,20,0.1,20,tcga_heldout,OV,84,0.9285714285714286
4,pairs,20,0.1,20,tcga_heldout,PAAD,36,0.8055555555555556
4,pairs,20,0.1,20,tcga_heldout,PRAD,100,0.99
4,pairs,20,0.1,20,tcga_heldout,SKCM,21,0.9523809523809523
4,pairs,20,0.1,20,tcga_heldout,STAD,82,0.524390243902439
4,pairs,20,0.1,20,tcga_heldout,UCEC,109,0.9174311926605505
4,pairs,20,0.1,20,cptac,BRCA,132,0.9621212121212122
4,pairs,20,0.1,20,cptac,CRC,106,0.9905660377358491
4,pairs,20,0.1,20,cptac,GBM,193,0.9844559585492227
4,pairs,20,0.1,20,cptac,HNSC,110,0.7818181818181819
4,pairs,20,0.1,20,cptac,KIRC,223,0.9910313901345291
4,pairs,20,0.1,20,cptac,LUAD,228,0.7719298245614035
4,pairs,20,0.1,20,cptac,LUSC,109,0.8348623853211009
4,pairs,20,0.1,20,cptac,OV,101,0.900990099009901
4,pairs,20,0.1,20,cptac,PAAD,161,0.2546583850931677
4,pairs,20,0.1,20,cptac,SKCM,162,0.8209876543209876
4,pairs,20,0.1,20,cptac,STAD,151,0.7152317880794702
4,pairs,20,0.1,20,cptac,UCEC,240,0.8875
4,pairs,20,0.1,20,met500,BRCA,92,0.8043478260869565
4,pairs,20,0.1,20,met500,CRC,11,0.6363636363636364
4,pairs,20,0.1,20,met500,GBM,5,1.0
4,pairs,20,0.1,20,met500,HNSC,24,0.6666666666666666
4,pairs,20,0.1,20,met500,OV,13,0.6153846153846154
4,pairs,20,0.1,20,met500,PAAD,14,0.21428571428571427
4,pairs,20,0.1,20,met500,PRAD,91,0.8351648351648352
4,pairs,20,0.1,20,met500,SKCM,13,0.6153846153846154
4,pairs,20,0.1,20,met500,STAD,8,0.25
4,pairs,50,1.0,50,tcga_heldout,BRCA,219,0.9908675799086758
4,pairs,50,1.0,50,tcga_heldout,CRC,125,0.968
4,pairs,50,1.0,50,tcga_heldout,GBM,31,1.0
4,pairs,50,1.0,50,tcga_heldout,HNSC,104,0.9134615384615384
4,pairs,50,1.0,50,tcga_heldout,KIRC,107,0.9813084112149533
4,pairs,50,1.0,50,tcga_heldout,LUAD,103,0.9611650485436893
4,pairs,50,1.0,50,tcga_heldout,LUSC,100,0.78
4,pairs,50,1.0,50,tcga_heldout,OV,84,0.9761904761904762
4,pairs,50,1.0,50,tcga_heldout,PAAD,36,1.0
4,pairs,50,1.0,50,tcga_heldout,PRAD,100,1.0
4,pairs,50,1.0,50,tcga_heldout,SKCM,21,1.0
4,pairs,50,1.0,50,tcga_heldout,STAD,82,0.8536585365853658
4,pairs,50,1.0,50,tcga_heldout,UCEC,109,0.963302752293578
4,pairs,50,1.0,50,cptac,BRCA,132,0.9848484848484849
4,pairs,50,1.0,50,cptac,CRC,106,0.9811320754716981
4,pairs,50,1.0,50,cptac,GBM,193,0.9844559585492227
4,pairs,50,1.0,50,cptac,HNSC,110,0.8363636363636363
4,pairs,50,1.0,50,cptac,KIRC,223,0.9955156950672646
4,pairs,50,1.0,50,cptac,LUAD,228,0.9385964912280702
4,pairs,50,1.0,50,cptac,LUSC,109,0.8532110091743119
4,pairs,50,1.0,50,cptac,OV,101,0.8811881188118812
4,pairs,50,1.0,50,cptac,PAAD,161,0.8944099378881988
4,pairs,50,1.0,50,cptac,SKCM,162,0.9629629629629629
4,pairs,50,1.0,50,cptac,STAD,151,0.609271523178808
4,pairs,50,1.0,50,cptac,UCEC,240,0.9916666666666667
4,pairs,50,1.0,50,met500,BRCA,92,0.9130434782608695
4,pairs,50,1.0,50,met500,CRC,11,0.6363636363636364
4,pairs,50,1.0,50,met500,GBM,5,1.0
4,pairs,50,1.0,50,met500,HNSC,24,0.375
4,pairs,50,1.0,50,met500,OV,13,0.7692307692307693
4,pairs,50,1.0,50,met500,PAAD,14,0.5
4,pairs,50,1.0,50,met500,PRAD,91,0.8791208791208791
4,pairs,50,1.0,50,met500,SKCM,13,0.6153846153846154
4,pairs,50,1.0,50,met500,STAD,8,0.25
